"","SC249358.PC04924.A01","SC249363.PC04924.F01","SC249383.PC04924.E02","SC249388.PC04924.A03","SC249397.PC04924.B04","SC249400.PC04924.E04","SC249409.PC04924.D05","SC249413.PC04924.H05","SC249427.PC04924.E07","SC249428.PC04924.F07","SC249434.PC04924.C08","SC249439.PC04924.H08","SC249443.PC04924.D09","SC249446.PC04924.F09","SC253848.PC04924.C11","SC253851.PC04924.E11","SC253185.PC04925.C06","SC253192.PC04925.B07","SC253195.PC04925.E07","SC253204.PC04925.A09","SC249439.PC07578.G07","SC249443.PC07578.E05","SC253195.PC07578.E07","SC304093.PC07578.A04","SC304926.PC07578.E06","SC304936.PC07578.B11","SC284724.PC04924.A12","SC284730.PC04925.A12","SC284725.PC04924.B12","SC284731.PC04925.B12","SC326764.PC07578.B12","SC284726.PC04924.C12","SC284732.PC04925.C12","SC326765.PC07578.C12","SC284727.PC04924.D12","SC284733.PC04925.D12","SC326766.PC07578.D12","SC249362.PC04924.E01","SC284728.PC04924.E12","SC284734.PC04925.E12","SC326767.PC07578.E12","SC284729.PC04924.F12","SC284735.PC04925.F12","SC326768.PC07578.F12","SC249368.PC04924.B02","SC249390.PC04924.C03","SC249391.PC04924.D03","SC249395.PC04924.H03","SC249404.PC04924.H04","SC249408.PC04924.C05","SC249412.PC04924.G05","SC249420.PC04924.G06","SC249425.PC04924.C07","SC249432.PC04924.A08","SC249437.PC04924.F08","SC249442.PC04924.C09","SC249451.PC04924.C10","SC253844.PC04924.G10","SC253854.PC04924.H11","SC249391.PC04925.H01","SC249408.PC04925.E02","SC249432.PC04925.B04","SC249437.PC04925.F04","SC253181.PC04925.G05","SC253189.PC04925.F06","SC253194.PC04925.D07","SC253196.PC04925.F07","SC261522.PC04925.F11","SC249362.PC07578.H08","SC249368.PC07578.C10","SC249408.PC07578.E02","SC249420.PC07578.H07","SC249437.PC07578.F04","SC249451.PC07578.F06","SC253181.PC07578.G05","SC253196.PC07578.F07","SC304092.PC07578.A03","SC304097.PC07578.A09","SC304924.PC07578.B.07.PC07578.B07","SC304927.PC07578.B02","SC304934.PC07578.C.05.PC07578.C05","SC304934.PC07578.D.02.PC07578.D02","SC304937.PC07578.D04"
"Abiotrophia",0,0,0,0,0,0,0,0,0,0,0,0,0,0,0,0,0,0,0,0,0,0,0,0,0,0,0,0,0,0,0,0,0,0,0,0,0,0,0,0,0,0,0,0,0,0,0,0,0,0,0,0,0,0,0,0,0,0,0,0,0,0,0,0,0,0,0,0,0,0,0,0,0,0,0,0,0,0,0,0,0,0,0
"Acetanaerobacterium",0,0,0,0,0,0,0,0,0,0,0,0,0,0,0,0,0,0,0,0,0,0,0,0,0,0,0,0,0,0,0,0,0,0,0,0,0,0,0,0,0,0,0,0,0,0,0,0,0,0,0,0,0,0,0,0,0,0,0,0,0,0,0,0,0,0,0,0,0,0,0,0,0,0,0,0,0,0,0,0,0,0,0
"Acidaminococcus",0,0,0,0,0,0,0,0,0,0,0,0,0,0,0,0,0,0,0,0,0,0,0,0,0,0,0,0,0,0,0,0,0,0,0,0,0,0,0,0,0,0,0,0,0,0,0,0,0,0,0,0,0,0,0,0,0,0,0,0,0,0,0,0,0,0,0,0,0,0,0,0,0,0,0,0,0,0,0,0,0,0,0
"Acinetobacter",0,0,0,0,0,0,0,0,0,0,0,0,0,0,0,0,0,0,0,0,0,0,6.26448662532106e-05,0,0,0,0,0,0,0,0,0.0966529329312322,0.092530344567039,0.0935459692785609,0.00381771135274239,0.00324287094521557,0.00343650085912521,0,0,0,0,0,0,0,0,0,0,0,0,0,0,0,0,0,0,0,0,0,0,0,0,0,0,0,0,0,0,0,0,0,0,0,0,0,0,0,4.48385252609042e-05,0,0,0,0,0,0
"Actinobacillus",0,0,0,0,0,0,0,0,0,0,0,0,0,0,0,0,0,0,0,0,0,0,0,0,0,0,0,0,0,0,0,0,0,0,0,0,0,0,0,0,0,0,0,0,0,0,0,0,0,0,0,0,0,0,0,0,0,0,0,0,0,0,0,0,0,0,0,0,0,0,0,0,0,0,0,0,0,0,0,0,0,0,0
"Actinomyces",0,0,0,0,0,0,0,0,0,0,0,0,0,0,0,0,0,0,0,0,0,0,0,0,0,0,0,0,0,0,0,0.0117550864375823,0.00765273997152018,0.0129405709022278,0,6.69619369218554e-05,0,0,0,0,0,0,0,0,0,0,0,0,0,0,0,0,0,0,0,0,0,0,0,0,0,0,0,0,0,0,0,0,0,0,0,0,0,0,0,0,0,0,0,0,0,0,0
"Adlercreutzia",0,0,0,0,0,0,0,0,0,0,0,0,0,0,0,0,0,0,0,0,0,0,0,0,0,0,0,0,0,0,0,0,0,0,0,0,0,0,0,0,0,0,0,0,0,0,0,0,0,0,0,0,0,0,0,0,0,0,0,0,0,0,0,0,0,0,0,0,0,0,0,0,0,0,0,0,0,0,0,0,0,0,0
"Akkermansia",0.00087070091423596,0,0.00715473652487415,0.00100502512562814,0.00969813020950665,0.00473306367929523,0.000157168453148084,0.000149961356112079,0,0.000122809890289831,0.000252760140736846,0.0142084517370978,0.00234543670264966,0.0161118418068847,0,0,0.000181585422322296,0.00159769634480516,0.00123477421271539,0.00259965337954939,0.0122844533418263,0.00282307456744756,0.0266688144906525,0.00140350877192982,0.000640885096048437,0.00156449884175224,3.18691241302385e-05,0,0,0,0,0,0,0,0,0,0,0,0,0,0,0,0.000251503553854565,0,0,0.000152255925293093,0.000437407051001662,0.000954373600557941,0,3.03453298537355e-05,0.000877593710177683,0,0,8.80242947053387e-05,0,0,0,0,9.93882103496256e-05,0.000764601769911504,0,0.000189176577417361,6.87975563107998e-05,6.58061726189917e-05,5.92922872592733e-05,0.000150240384615385,0.000961268442313093,0.00278960945467635,0,8.35421888053467e-05,0.00023043244488824,0.00126667306400537,0,0.000376344086021505,0.000143251816228384,0.000667504319145594,0.000235402257619747,0.000454603852273513,0.000457813804432715,6.47936968691686e-05,0.000323655004646015,0.000428621179244019,0.000150024378961581
"Alcaligenes",0,0,0,0,0,0,0,0,0,0,0,0,0,0,0,0,0,0,0,0,0,0,0,0,0,0,0,0,0,0,0,0,0,0,0,0,0,0,0,0,0,0,0,0,0,0,0,0,0,0,0,0,0,0,0,0,0,0,0,0,0,0,0,0,0,0,0,0,0,0,0,0,0,0,0,0,0,0,0,0,0,0,0
"Alistipes",0.000766216804527645,0.00682130075612841,0.0104028306414707,0.00676801730169837,0.0189569722910565,0.0144427267529277,0.00615052546652836,0.0105434368835723,0.00822485207100592,0.00783254189181813,0.00842196788935172,0.00896303765494342,0.0070657507360157,0.00817497392171981,0.00484838984189546,0.00434519434476199,0.00455779410028963,0.00851795086154846,0.00588606654783125,0.00823223570190641,0.00883570681104691,0.00708161077935998,0.0167619763560376,0.00737336298492711,0.00847486212537736,0.0084966981295163,0,0,0,0,0,0,0,0,0,0,0,0,0,0,0,0,8.74794969928923e-05,0,0,0,0.000335345405767941,0.00126026257509574,0.000104002808075818,0,0.00102185568993292,0,0,0,0,0,8.73973081629086e-05,0,0,0.000594690265486726,0.00021534485941057,0.000113505946450417,0,0,0,0,0.000334823839457369,0.00310956466094747,0,0,0,0.000479800403032339,0,5.37634408602151e-05,0.000163716361403868,0.000215957279723575,0.00140120391440326,0.000444721159832785,0.000350092909272076,0,0.000323655004646015,0.000321465884433015,0
"Alkanindiges",0,0,0,0,0,0,0,0,0,0,0,0,0,0,0,0,0,0,0,0,0,0,0,0,0,0,0,0,0,0,0,0,0,0,0,0,0,0,0,0,0,0,0,0,0,0,0,0,0,0,0,0,0,0,0,0,0,0,0,0,0,0,0,0,0,0,0,0,0,0,0,0,0,0,0,0,0,0,0,0,0,0,0
"Alloprevotella",0,0,0,0,0,0,0,0,0,0,0,0,0,0,0,0,0,0,0,0.000135398613518198,0,0,0,0,0,0,0,0,0,0,0,0,0,0,0,0,0,0,0,0,0,0,0,0,0,0,0,0,0,0,0,0,0,0,0,0,0,0,0,0,0,0,0,0,0,0,0,0,0,0,0,0,0,0,0,0,0,0,0,0,0,0,0
"Anaerococcus",0,0,0,0,0,0,0,0,0,0,0,0,0,0,0,0,0,0,0,0,0,0,0,0,0,0,0,0,0,0,0,0,0,0,0,0,0,0,0,0,0,0,0,0,0,0,0,0,0,0,0,0,0,0,0,0,0,0,0,0,0,0,0,0,0,0,0,0,0,0,0,0,0,0,0,0,0,0,0,0,0,0,0
"Anaerofilum",0,0,0,0,0,0,0,0,0,0,0,0,0,0,0,0,0,0,0,0,0,0,0,0,0,0,0,0,0,0,0,0,0,0,0,0,0,0,0,0,0,0,0,0,0,0,0,0,0,0,0,0,0,0,0,0,0,0,0,0,0,0,0,0,0,0,0,0,0,0,0,0,0,0,0,0,0,0,0,0,0,0,0
"Anaerofustis",0,0,0,0,0,0,0,0,0,0,0,0,0,0,0,0,0,0,0,0,0,0,0,0,0,0,0,0,0,0,0,0,0,0,0,0,0,0,0,0,0,0,0,0,0,0,0,0,0,0,0,0,0,0,0,0,0,0,0,0,0,0,0,0,0,0,0,0,0,0,0,0,0,0,0,0,0,0,0,0,0,0,0
"Anaeromyxobacter",0,0,0,0,0,0,0,0,0,0,0,0,0,0,0,0,0,0,0,0,0,0,0,0,0,0,0,0,0,0,0,0,0,0,0,0,0,0,0,0,0,0,0,0,0,0,0,0,0,0,0,0,0,0,0,0,0,0,0,0,0,0,0,0,0,0,0,0,0,0,0,0,0,0,0,0,0,0,0,0,0,0,0
"Anaerosporobacter",0,0,0.000200913038139992,0.000165383881432479,0.000225275963054742,0.000264712733741344,0,0,0,0,0,0.000458337152809607,0.000157016683022571,0.00051022722118917,0,0,0,0,0,0,0.000300286637244643,0.000267952840300107,0.000393767730734466,0,0,0,0,0,0,0,0,0,0,0,0,0,0,0,0,0,0,0,0,0,0,0,0,0,0,0,0,0,0,0,0,0,0,0,0,0,0,0,0,0,0,0,0,0.000159977603135561,0,0,0,0,0,0,0,0,0,4.94134622036428e-05,9.42557832655589e-05,0,0,0,0
"Anaerostipes",0.0264518937744885,0.0231951134192611,0.00969963500798071,0.0103810190191464,0.019238567244875,0.0150039177484594,0.0227684699127191,0.0245936624023809,0.0226528599605523,0.0230200316576606,0.0114550895781939,0.0116112078711767,0.0147497546614328,0.0106807564968933,0.0195951090607784,0.021996195252713,0.0138731262654234,0.0186707537968511,0.0186701574569222,0.0131607452339688,0.00786205013876883,0.0144311743990201,0.0183459965455831,0.01882876204596,0.0164100315382929,0.0159907340179096,0,0,0,0,0,0,0,0,0,0,0,4.66773505935803e-05,0,0,0,0,0,0,0,5.07519750976975e-05,0,0,0,0,0.000204371137986584,0,0,0,0,0,0.000112367967638025,0,0,0.000127433628318584,0,0,0,0,0,0,9.72069211327846e-05,0.000439938408622793,0,0,0,0,0,0.00010752688172043,0.000112554998465159,0,0.000257821520250199,0.000148240386610928,0.000282767349796677,0,0.000229690648458463,0.000348254708135766,7.50121894807906e-05
"Anaerotruncus",0,0,0,0,0.000146429375985582,0.000105885093496538,0,0,0,0,0,7.12968904370499e-05,0,0,0,0,0,0,0,0,0,0,0.000572753062886496,0,0,0,0,0,0,0,0,0,0,0,0,0,0,0,0,0,0,0,0,0,0,0,0,0,0,0,0,0,0,0,0,0,0,0,0,0,0,0,0,0,0,0,0,8.99874017637531e-05,0,0,0,0,0,0,0,0,0,0,0,0,0,0,0
"Arthrobacter",0,0,0,0,0,0,0,0,0,0,0,0,0,0,0,0,0,0,0,0,0,0,0,0,0,0,0,0,0,0,0,0,0,0,0,0,0,0,0,0,0,0,0,0,0,0,0,0,0,0,0,0,0,0,0,0,0,0,0,0,0,0,0,0,0,0,0,0,0,0,0,0,0,0,0,0,0,0,0,0,0,0,0
"Atopobium",0,0,0,0,0,0,0,0,0,0,0,0,0,0,0,0,0,0,0,0,0,0,0,0,0,0,0,0,0,0,0,0,0,0,0,0,0,0,0,0,0,0,0,0,0,0,0,0,0,0,0,0,0,0,0,0,0,0,0,0,0,0,0,0,0,0,0,0,0,0,0,0,0,0,0,0,0,0,0,0,0,0,0
"Azospirillum",0,0,0,0,0,0,0,0,0,0,0,0,0,0,0,0,0,0,0,0,0,0,0,0,0,0,0,0,0,0,0,0,0,0,0,0,0,0,0,0,0,0,0,0,0,0,0,0,0,0,0,0,0,0,0,0,0,0,0,0,0,0,0,0,0,0,0,0,0,0,0,0,0,0,0,0,0,0,0,0,0,0,0
"Bacillus",0,0,0.000200913038139992,0,0.0010024780355936,0,0,0,0,8.18732601932209e-05,0.000101104056294739,0.00248520589523431,0.00712463199214917,0.000453535307723706,0,0,5.44756266966888e-05,3.71557289489573e-05,0.000427064765300059,0.000297876949740035,0.00254788661904545,0.00892857142857143,8.94926660760151e-05,0.00159130219915987,0.0148415495927007,0.00538498772603119,0.384224783555532,0.346261071225915,0.265165897093586,0.256301890030678,0.257050418910832,0.224472242280083,0.205664964981449,0.221831908034352,0.100377529233771,0.0803447583152377,0.0935250233812558,0.150767842417264,0.161694272600279,0.179680245242277,0.164343317411987,0.161931933420772,0.181804264625478,0.160107696237017,0.0850372635199694,0.0710020131616789,0.0570524596856501,0.0475473822021559,0.0501033527905253,0.0606147963828367,0.0521747493448102,0.0622813892820795,0.0602124815309928,0.124715754881681,0.179476579641937,0.192204886835759,0.180063425475067,0.0784003740773316,0.115146763257283,0.0570619469026549,0.0586353288623639,0.183539115410324,0.158839798010375,0.114803568574732,0.137024475856181,0.110586313100962,0.160661439094464,0.120473133761273,0.179502362922052,0.107758980785297,0.0572752643572215,0.0692160061414452,0.135783025221037,0.212365591397849,0.103305024045841,0.149216664049003,0.101189341882545,0.11475782462174,0.172939164624458,0.184506531204644,0.199225316085654,0.194312732727906,0.204308200082513
"Bacteroides",0.109899869394863,0.10016683260232,0.115424540411425,0.106812543731315,0.141552151385447,0.11375235594333,0.100011525686564,0.0971980297384905,0.099181459566075,0.109669232028819,0.075787600598536,0.0663061081064564,0.0511874386653582,0.0516236564016509,0.0684485152505935,0.0999394699295257,0.0874333808481855,0.101927453439227,0.0726102941176471,0.0763377383015598,0.0555803266754629,0.0560308528556117,0.142633411191953,0.0904768964665184,0.0897660769399423,0.0900235107008263,0,0,0,0,0,0.0795671749564626,0.073534112814949,0.0786728916261051,0.000452469493658357,0.000908769143939466,0.000619875154968789,0.000171150285509794,0,0,0,0,0.000349917987971569,0,0,0.00157331122802862,0.00154550491353921,0.00484528135667878,0.000871023517634976,0,0.00265682479382559,0,0.000267360866812073,0,0,0,0.000224735935276051,0.000155865554825709,0,0.00259115044247788,0.000353780840460223,0.000163953033761713,0.00015135462388376,0.00012221146343527,0,0.000525841346153846,0.000702049985959,0.0058691783150359,0,6.265664160401e-05,0.000128018024937911,0.00148738124940025,0,8.06451612903226e-05,0.00023534226951806,0.00150188471807759,0.00465199699581881,0.00153181732831293,0.00115799962297687,0.000129587393738337,0.00134682243868826,0.00143320206809719,0.000600097515846325
"Basidiomycota",0,0,0,0,0,0,0,0,0,0,0,0,0,0,0,0,0,0,0,0,0,5.74184657785944e-05,0,0,0,0,0,0,0,0,0,0,0,0,0,0,0,0,0.000773298742765915,0.00120831049104396,0.00088523984162962,0.000635504414727477,0.00139967195188628,0.00081942789034565,0,0,0.000189543055434054,0.000146826707778145,0,9.10359895612065e-05,0,0,0.000211074368535847,0,0,0,0,0,9.93882103496256e-05,0.000254867256637168,0.000153817756721836,7.56706309669445e-05,0.00016511413514592,0,0,0,0,0.00038994540764293,0.000250526675397142,0.000114870509607352,0.000153621629925494,0.000556568467517513,0.000108617730758369,0.000470430107526882,0,0,0.000269031151565425,0.000602844238884442,0.000538604475803194,0.000570184532448683,0.000678631461354548,0.000361649119987141,0.00056259142110593
"Bergeyella",0,0,0,0,0,0,0,0,0,0,0,0,0,0,0,0,0,0,3.71360665478313e-05,0,0,0,3.5797066430406e-05,0,0,0,0,0,0,0,0,0,0,0,0,0,0,0,0,0,0,0,0,0,0,0,0,0,0,0,0,0,0,0,0,0,0,0,0,0,0,0,0,0,0,0,0,0,0,0,0,0,0,0,0,0,0,0,0,0,0,0,0
"Bifidobacterium",0.00900304745319983,0.0143960390711191,0.00399593709189539,0.00631003116850073,0.0104190132912818,0.00750725312890451,0.00444262827565251,0.00479876339558652,0.00530571992110454,0.00543092625948365,0.020291584098354,0.0177732962589503,0.0250343473994112,0.00628146401197333,0.0187665158776369,0.0143758917376454,0.00611942873226137,0.00713389995819981,0.023107917409388,0.01532712305026,0.020565084853724,0.0253024039197673,0.0188561047422164,0.0180479367432666,0.0162329448670163,0.0154202537772707,0.0523715939873586,0.060847539864637,0.000563400982277365,0.000825949842318667,0.000701301615798923,0.0319734103555197,0.0378762193527138,0.0352817937997237,0,0.000143489864832547,0.000108750027187507,0,0,0,0,0,0,0,0,0,0,0,0,0,0,0,0,0,0,0,0,0,0,0,0,0,0,0,0,0,0,0,0,0,0,0,0,0,0,0,0,0,0,0,0,0,0
"Bilophila",0.0154984762734001,0.0218093264806393,0.0255717650210401,0.0240442719928758,0.0189006533002929,0.0190699053387264,0.0371231886335775,0.0440424967412244,0.0438856015779093,0.0432427269253862,0.0539187932219841,0.0362493761522087,0.0340922473012758,0.0271781033153431,0.02873202848569,0.0290436248865061,0.0352457304727576,0.0386233802424411,0.0292260843731432,0.0439503899480069,0.03831839483143,0.0333505588730669,0.0268835968892349,0.0255102545095132,0.039574654680991,0.046208899491754,0,0,0,0,0,0,0,0,0,0,0,0,0,0,0,0,0,0,0,0,0.000102061645233721,0,0,0,0,0,0,0,0,0,0,0,0,0,0,0,0,0,0,0,6.48046140885231e-05,0.000179974803527506,0,0,0,0,0,0,0,0,6.72577878913563e-05,0,0,0,0,5.35776474055024e-05,0
"Blautia",0.00144536351763169,0,0.00186402652052103,0.000394376948031296,0.00154314034692498,0.00188475466423837,0,0,0,0,0.000535851498362114,0.00898340819506829,0.0121099116781158,0.0300126989886163,0,0,0.000163426880090066,0.000947471088198412,0.000622029114676173,0.00140814558058925,0.00802584284999317,0.0111678915939366,0.00684618895481515,0.00094885100074129,0.000539692712461842,0.000795214880890641,0,0,0,0,0,0,0,0,0,0,0,0,0,0,0,0,0,0,0,0,0.000626950106435716,0,0,0,0.000420764107619437,0,0,0,0,0.000450332665097766,0,0,5.52156724164587e-05,0.000424778761061947,0,0.000239623664728658,0,0,0,0.000544621394230769,0,0.00122982782410463,0,0,0,9.59600806064677e-05,0,0,9.20904532896756e-05,0.000206141039736139,0.000313869676826329,0.000286598080781128,0.000659790482858913,0.000233257308729007,0.000803917269604619,0.000870636770339414,0
"Bradyrhizobium",0,0,0,0,0,0,0,0,0,0,0,0,0,0,0,0,0,0,0,0,0,0,6.26448662532106e-05,0,0,0,0,0,0,0,0,0,0,0,0,0,0,0,0,0,0,0,0,0,0,0,0,0,0,0,0,0,0,0,0,0,0,0,0,0,0,0,0,0,0,0,0,0,0,0,0,0,0,0,0,0,0,0,0,0,0,0,0
"Brevundimonas",0,0,0,0,0,0,0,0,0,0,0,0,0,0,0,0,0,0,0,0,0,0,0,0,0,0,0,0,0,0,0,0,0,0,0,0,0,0,0,0,0,0,0,0,0,0,0,0,0,0,0,0,0,0,0,0,0,0,0,0,0,0,0,0,0,0,0,0,0,0,0,0,0,0,0,0,0,0,0,0,0,0,0
"Bryobacter",0,0,0,0,0,0,0,0,0,0,0,0,0,0,0,0,0,0,0,0,0,0,0,0,0,0,0,0,0,0,0,0,0,0,0,0,0,0,0,0,0,0,0,0,0,0,0,0,0,0,0,0,0,0,0,0,0,0,0,0,0,0,0,0,0,0,0,0,0,0,0,0,0,0,0,0,0,0,0,0,0,0,0
"Butyricimonas",0,0,0,0,0,0,0,0,0,0,0,0,0,0,0,0,0,0,0,0,0,0,0,0,0,0,0,0,0,0,0,0,0,0,0,0,0,0,0,0,0,0,0,0,0,0,0,0,0,0,0,0,0,0,0,0,0,0,0,0,0,0,0,0,0,0,0,0,0,0,0,0,0,0,0,0,0,0,0,0,0,0,0
"Campylobacter",0,0,0,0,0,0,0,0,0,0,0,0,0,0,0,0,0,0,0,0,0,0,0,0,0,0,0,0,0,0,0,0,0,0,0,0,0,0,0,0,0,0,0,0,0,0,0,0,0,0,0,0,0,0,0,0,0,0,0,0,0,0,0,0,0,0,0,0,0,0,0,0,0,0,0,0,0,0,0,0,0,0,0
"Candidatus Planktophila",0,0,0,0,0,0,0,0,0,0,0,0,0,0,0,0,0,0,0,0,0,0,0,0,0,0,0,0,0,0,0,0,0,0,0,0,0,0,0,0,0,0,0,0,0,0,0,0,0,0,0,0,0,0,0,0,0,0,0,0,0,0,0,0,0,0,0,0,0,0,0,0,0,0,0,0,0,0,0,0,0,0,0
"Capnocytophaga",0,0,0,0,0,0,0,0,0,0,0,0,0,0,0,0,0,0,0,0,0,0,0,0,0,0,0,0,0,0,0,0,0,0,0,0,0,0,0,0,0,0,0,0,0,0,0,0,0,0,0,0,0,0,0,0,0,0,0,0,0,0,0,0,0,0,0,0,0,0,0,0,0,0,0,0,0,2.96480773221857e-05,0,0,0,0,0
"Christensenella",0,0,4.46473418088871e-05,0,9.01103852218968e-05,0.000116473602846191,0,0,0,0,0,0.000173149591061407,0,0,0,0,0,0,0,0,5.45975704081168e-05,0,6.26448662532106e-05,0,0,0,0,0,0,0,0,0,0,0,0,0,0,0,0,0,0,0,0,0,0,0,0,0,0,0,0,0,0,0,0,0,0,0,0,0,0,0,0,0,0,0,0,7.99888015677805e-05,0,0,0,0,0,0,0,0,2.24192626304521e-05,0,2.01976678426198e-05,0,6.26429041250352e-05,0,0
"Clostridium sensu stricto 1",0,0,0,0,0,9.52965841468838e-05,0,0,0,0,0,0.000254631751560893,0.000166830225711482,0.000532903986575355,0,0,0,0,0,0,0.000354884207652759,0.000162685653039351,0,0,0,0,0.236479524087746,0.214804398062484,0.025904197337318,0.0237809194859803,0.0254525733093956,0.194813745062227,0.193769313481415,0.196619016227638,0.0828867553695403,0.107655662588366,0.0976792744198186,0,0,0,0,0,0,0,0,0,0,0,0,0,0,0,0,0,0,0,0,0,0,0,0,5.04470873112964e-05,0,0,0,0,0,4.99930009798628e-05,0,0,0,0,0,0,0,0,2.24192626304521e-05,0,0,0,0,0,0
"Collinsella",0.00022638223770135,0.000147996663347954,0.00018975120268777,0,0.000214012164902005,0.00033883229918892,0.000806798059493499,0.00056523895765322,0.00029585798816568,0.000545821734621473,0.00513608605977272,0.00551023110377772,0.0107360157016683,0.00817497392171981,0,0,0,0.00178347498954995,0.00389928698752228,0.00278921143847487,0.0082260339414896,0.0130244219874445,0.00252369318334363,0.000207561156412157,0.00110468352082033,0.00113231684126819,0,0,0,0,0,0,0,0,0,0,0,0,0,0,0,0,0,0,0,0,0,0,0,0,0,0,0,0,0,0,0,0,0,0,0,0,0,0,0,0,4.32030760590154e-05,0,0,0,0,0,0,0,0,0,0,0,0,0,0,0,0
"Coprobacillus",0.0397213757074445,0.0349406667922396,0.0277594847696755,0.0407734876916227,0.0214124802883532,0.0258041972851062,0.0236486132503484,0.0298538453552354,0.0292406311637081,0.031698597238142,0.0150038419541392,0.0121102861042361,0.0117664376840039,0.00717719624472765,0.033457249070632,0.0365882658134809,0.0385869022434879,0.0269193256235196,0.0263851752822341,0.0250758232235702,0.0154602120205651,0.0117803552289083,0.0254069678989807,0.031203360513961,0.0191506585937632,0.027547280710853,0,0,0,0,0,0,0,0,0,0,0,0,0,0,0,0,0,0,0,0,0,0,0,0,0,0,0,0,0,0,0,0,0,9.91150442477876e-05,0,0,0,0,0,0,0,0,0,0,0,0,0,0,0,0,0,0,0,0,0,0,0
"Coprococcus",0.00189812799303439,0,0.00171892265964215,0.000801475733095859,0.00125028159495382,0.0021071133605811,0,0,0,8.18732601932209e-05,0.000101104056294739,0.0161334677788982,0.00357212953876349,0.0151820944260511,0,0,1.81585422322296e-05,0,0.00135546642899584,0.00113734835355286,0.0155967059465854,0.0041341295360588,0.00252369318334363,0.000583148010872251,0.000354173342553084,0.000847076720948726,0,0,0,0,0,0,0,0,0,0,0,0,0,0,0,0,0.000174958993985785,0,0,0.000287594525553619,0.000364505875834718,0.000110120030833609,0,0,0.000240436632925393,0,0,0.0001907193051949,0,0,0,0,0,0.000297345132743363,0.000246108410754938,0.000239623664728658,0,0,0,0.000319260817307692,0.000442831529604908,0.00142979982802408,0,0.000114870509607352,0,0,0,0.000241935483870968,0.00017394863399161,0.000166876079786399,0.000582900828391754,0.000345894235425499,0.000538604475803194,0,0.000730833881458744,0.00103136971255592,0
"Corynebacterium",0,0,0,0,0,0,0,0,0,0,0,0,0,0,0,0,0,0,0,0.000324956672443674,0,0,0,0,0,0,0,0,0,0,0,0,0,0,0,0,0,0,0,0,0,0,0,0,0,0,0,0,0,0,0,0,0,0,0,0,0,0,0,0,0,0,0,0,0,0,0,0,0,0,0,0,0,0,0,0,0,0,0,0,0,0,0
"Deinococcus",0,0,0,0,0,0,0,0,0,0,0,0,0,0,0,0,0,0,0,0,0,0,0,0,0,0,0.0198119721676316,0.0166942162353309,0.000171469864171372,0.000128719455945766,0.00012155894673848,0.0098755468716816,0.00879580746093712,0.0082989425395306,2.82793433536473e-05,1.9131981977673e-05,4.35000108750027e-05,0,0,0,0,0,0,0,0,0,0,0,0,0,0,0,0,0,0,0,0,0,0,0,0,0,0,0,0,0,0,0,0,0,0,0,0,0,0,0,0,0,0,0,0,0,0
"Desulfovibrio",0,0,0,0,0,0,0,0,0,0,0,0,0,0,0,0,0,0,0,0,0,0,0,0,0,0,0,0,0,0,0,0,0,0,0,0,0,0,0,0,0,0,0,0,0,0,0,0,0,0,0,0,0,0,0,0,0,0,0,0,0,0,0,0,0,0,0,0,0,0,0,0,0,0,0,0,0,0,0,0,0,0,0
"Devosia",0,0,0,0,0,0,0,0,0,0,0,0,0,0,0,0,0,0,0,0,0,0,0,1.97677291821102e-05,0,0,0,0,0,0,0,0,0,0,0,0,0,0,0,0,0,0,0,0,0,0,0,0,0,0,0,0,0,0,0,0,0,0,0,0,0,0,0,0,0,0,0,1.99972003919451e-05,0,0,0,0,0,0,0,0,0,0,0,0,0,0,0
"Dialister",0.000156726164562473,0,0.000491120759897758,0,0.00042802432980401,0.000540013976832342,0,0,0,0,0,0.000763895254682678,0,0.00141729783663658,0,0,0,0,0.000250668449197861,0.000297876949740035,0.00103735383775422,0.000401929260450161,0.000250579465012842,5.93031875463306e-05,4.21634931610814e-05,0,0,0,0,0,0,0,0,0,0,0,0,0,0,0,0,0,3.28048113723346e-05,0,0,0,0,0,0,0,0,0,0,0,0,0,0,0,0,9.91150442477876e-05,0,0,0,0,0,0,6.48046140885231e-05,0.000399944007838903,0,0,0,0,0,0,0,0,0,0,0,0,0,0,0
"Dolosigranulum",0,0,0,0,0,0,0,0,0,0,0,0,0,0,0,0,0,0,0,0.000297876949740035,0,0,0,0,0,0,0,0,0,0,0,0,0,0,0,0,0,0,0,0,0,0,0,0,0,0,0,0,0,0,0,0,0,0,0,0,0,0,0,0,0,0,0,0,0,0,0,0,0,0,0,0,0,0,0,0,0,0,0,0,0,0,0
"Dorea",0.000731388767958206,0,0.000971079684343293,0.000394376948031296,0.000743410678080649,0.00093178882276953,0,0,0,0,0,0.00173149591061407,0.00576054955839058,0.012608281554719,0,0,0,5.5733593423436e-05,0.00021353238265003,0.000920710571923744,0.00171982346785568,0.00348338692390139,0.00115445539238059,0.000187793427230047,0.000168653972644326,0.000570480240638938,0,0,0,0,0,0,0,0,0,0,0,0,0,0,0,0,0.000109349371241115,0,0,0,0.000189543055434054,0,0,0,0,0,0,0,0,0.000145268601644441,0.000299647913701401,0,0,0.000169911504424779,0,0,0,0,0,0,0.0001404099971918,0.000419941208230848,5.69378807720777e-05,0,0,0,0,0.00021505376344086,0,0,0.000212982994989295,0.0001383576941702,0.000175046454636038,0,0.000469821780937764,0.00012054970666238,0
"Eggerthella",0,0,0,0,0,0,0,0,0,0,0,0,0,0,0,0,0,0,0,0,0,0,0,0,0,0,0,0,0,0,0,0,0,0,0,0,0,0,0,0,0,0,0,0,0,0,0,0,0,0,0,0,0,0,0,0,0,0,0,0,0,0,0,0,0,0,0,0,0,0,0,0,0,0,0,0,0,0,0,0,0,0,0
"Eggerthia",0,0,0,0,0,0,0,0,0,0,0,0,0,0,0,0,0,0,0,0,0,0,0,0,0,0,0,0,0,0,0,0,0,0,0,0,0,0,0,0,0,0,0,0,0,0,0,0,0,0,0,0,0,0,0,0,0,0,0,0,0,0,0,0,0,0,0,0,0,0,0,0,0,0,0,0,0,0,0,0,0,0,0
"Enterococcus",0.0237701349586417,0.0157549175254958,0.0132602605172395,0.0147954964696902,0.00996846136517234,0.014252133584634,0.00975492199205775,0.00598691875555145,0.00620315581854043,0.00525353419573167,0.0559105431309904,0.0545319359142808,0.0956526005888126,0.0725316340877137,0.0101110762753617,0.0220718578408059,0.0147265777503382,0.0349635409409688,0.0380366161616162,0.0447627816291161,0.0474543882797216,0.108492191088654,0.0329959459822268,0.0264096861872992,0.0379724419408699,0.0352228330394496,0.0391990226801933,0.0357979917598007,0.000453170355310054,0.000600690794413576,0.000514287851585877,0.0257826105424118,0.0219410835892319,0.0230004424898634,0.000551447195396123,0.000334809684609277,0.000543750135937534,0.0962331378070981,0.1012771901816,0.0960271198576879,0.0895356868391101,0.113187392674121,0.107993439037726,0.10826025881151,0.065879992356201,0.0527651367765729,0.0505788353308255,0.0469723109300248,0.0455402295861988,0.035337136614675,0.036606477362891,0.0275727337599289,0.0352212762963484,0.0963572612707774,0.107334032923119,0.10908219297481,0.112742527530152,0.0396455171953107,0.0570709190096517,0.0426477876106195,0.0329631452654894,0.0821026345991348,0.0889139617760777,0.0705066135203482,0.0671070107200455,0.102154071514423,0.085606895210939,0.0694102825604415,0.105460342766042,0.068703007518797,0.0354609929078014,0.0432971883696382,0.0886212065257533,0.116747311827957,0.0769876189501688,0.087266373488299,0.0548375163940858,0.0604030161977329,0.0649758974497078,0.0717654986522911,0.0616510581430555,0.0505505103270915,0.0682860964906797
"Enterorhabdus",0,0,0,0,0,0,0,0,0,0,0,0,0,0,0,0,0,0,0,0,0,0,0,0,0,0,0,0,0,0,0,0,0,0,0,0,0,0,0,0,0,0,0,0,0,0,0,0,0,0,0,0,0,0,0,0,0,0,0,0,0,0,0,0,0,0,0,0,0,0,0,0,0,0,0,0,0,0,0,0,0,0,0
"Escherichia-Shigella",0.105563778841968,0.112786911713263,0.12896384681497,0.174352776540933,0.119779229556206,0.119216026767752,0.14379865673362,0.137364602198664,0.134388560157791,0.123696850608591,0.0963622760545153,0.0795673297277477,0.0921884200196271,0.0756496893283142,0.0839790388319076,0.123157075532881,0.157543512406824,0.123737866332265,0.108103089720737,0.111487218370884,0.0692661176577642,0.0823476496708008,0.0858324160335061,0.122332592043489,0.110282832712125,0.100516889672579,0.088511180751049,0.0896964613195832,0.0810562543632957,0.0876043163924227,0.0846704817474566,0.0449071910971414,0.0440371593804187,0.0458293072776037,0.189400902111053,0.167022202665085,0.184820671205168,0.210623764995099,0.0926461784075035,0.0923798122643515,0.0808389349883751,0.0679043227821572,0.0675888463641334,0.0693427549804189,0.245700363080451,0.23636886535501,0.227889073571866,0.262942162512694,0.255963911025598,0.22335680038842,0.207749272679185,0.234760127744698,0.226778301554915,0.10678814019336,0.0927698455602548,0.120819895987681,0.118648088496017,0.248483094153928,0.206694348123771,0.235879646017699,0.233187719190303,0.107313566482955,0.11644674381166,0.171754110535568,0.159164215918793,0.139911358173077,0.146069600155531,0.180704701341812,0.18236064453681,0.223517126148705,0.222405714724633,0.205565684675175,0.111724197858058,0.103279569892473,0.154660800163716,0.140980838699545,0.209295026286585,0.213189441331396,0.141457733013761,0.173595272651876,0.160564203756486,0.181480886174288,0.169315013689725
"Faecalibacterium",0.00412712233347845,0,0.00933129443805739,0.00684434832389797,0.0108920928136968,0.0120920776773046,5.23894843826947e-05,0.000115354889316984,0,0.000245619780579663,0.00111214461924212,0.0514254285452379,0.00913640824337586,0.0401151979681618,0.000100774846598289,0,0.000199743964554526,0.000120756119084111,0.00544971776589424,0.00547010398613518,0.0464534328222394,0.00974199969376818,0.00621974029228305,0.00287620459599703,0.00172870321960434,0.0041575908446565,0,0,0,0,0,0,0,0,0,0,0,0,0,0,0,0,0.000721705850191361,0,0,0.00123496472737731,0.00135596185810515,0.00100331583648399,0.000260007020189545,0,0.00100983385828665,0,0,0.000938925810190279,0,0,0.000237221265013609,0.000345130871399784,0,0.00164247787610619,0.000307635513443672,0.000781929853325094,0.00015135462388376,0,0,0.000300480769230769,0.00162011535221308,0.00719899214110025,0.00020497637077948,0.000156641604010025,0,0.000153536128970348,5.43088653791845e-05,0.00114247311827957,0.000542310447150312,0.000549709439296372,0.00365433980876369,0.00121557117020961,0.0021409527913177,0.00045355587808418,0.00240131132479302,0.00226365560288248,0.00042506907372448
"Finegoldia",0,0,0,0,0,0,0,0,0,0,0,0,0,0,0,0,0,0,0,0,0,0,0,0,0,0,0,0,0,0,0,0,0,0,0,0,0,0,0,0,0,0,0,0,0,0,0,0,0,0,0,0,0,0,0,0,0,0,0,0,0,0,0,0,0,0,0,0,0,0,0,0,0,0,0,0,0,0,0,0,0,0,0
"Flavonifractor",0,0,0,0,0,0,0,0,0,0,0,0.000112037970686793,0,0,0,0,0,0,0,0,0,0,0.000152137532329226,0,0,0,0,0,0,0,0,0,0,0,0,0,0,0,0,0,0,0,0,0,0,6.76693001302634e-05,0,0,0,0,0,0,0,0,0,0,0,0,0,0,0,0,0,0,0,0,0,0,0,0,0,0,0,0,0,0,0,0,0,0,0,4.01832355541268e-05,0
"Fusobacterium",0,0,0,0,0,0,0,0,0,0,0,0,0,0,0,0,0,0,0,0,0,0,0,0,0,0,0,0,0,0,0,0,0,0,0,0,0,0,0,0,0,0,0,0,0,0,0,0,0,0,0,0,0,0,0,0,0,0,0,0,0,0,0,0,0,0,0,0,0,0,0,1.91920161212935e-05,0,0,0,0,0,0,0,0,0,0,0
"Gemella",0,0,0,0,0,0,0,0,0,0,0,0,0,0,0,0,0,1.85778644744787e-05,0,0.000135398613518198,0,3.82789771857296e-05,5.3695599645609e-05,0,0,0,0,0,0,0,0,0,0,0,0,0,0,0,0,0,0,0,0,0,0,0,0,0,0,0,0,0,0,0,0,0,0,0,0,0,0,0,0,0,0,0,0,0,0,0,0,0,0,0,0,0,0,0,0,0,0,0,0
"Gordonibacter",0,0,0,0,0,0,0,0,0,0,0,0,0,0,0,0,0,0,0,0,0,0,0,0,0,0,0,0,0,0,0,0,0,0,0,0,0,0,0,0,0,0,0,0,0,0,0,0,0,0,0,0,0,0,0,0,0,0,0,0,0,0,0,0,0,0,0,0,0,0,0,0,0,0,0,0,0,0,0,0,0,0,0
"Granulicatella",0,0,0,0,0,0,0,0,0,0,0,0,0,0,0,0,0,0,0,0,0,0,0,0,0,0,0,0,0,0,0,0,0,0,0,0,0,0,0,0,0,0,0,0,0,0,0,0,0,0,0,0,0,0,0,0,0,0,0,0,0,0,0,0,0,0,0,0,0,0,0,0,0,0,0,0,0,0,0,0,0,0,0
"Haemophilus",0,0,0,0,0,0,0,0,0,0,0,0,0,0,0,0,0,0,0,0,2.72987852040584e-05,0.000181825141632216,0,0,0,0,0,0,0,0,0,0,0,0,0,0,0,0,0,0,0,0,0,0,0,0,0,0,0,0,0,0,0,0,0,0,0,0,0,0,0,0,0,0,0,0,0,0,0,0,0,3.83840322425871e-05,0,0,0,0,0,0,0,0,0,0,2.50040631602635e-05
"Helicobacter",0,0,0,0,0,0,0,0,0,0,0,0,0,0,0,0,0,0,0,0,0,0,0,0,0,0,0,0,0,0,0,0.0315805122541732,0.0315409130978098,0.034017537047238,0.00108875471911542,0.0011000889637162,0.00120712530178133,0,0,0,0,0,0,0,0,0,0,0,0,0,0,0,0,0,0,0,0,0,0,0,0,0,0,0,0,0,0,0,0,0,0,0,0,0,0,0,0,0,0,0,0,0,0
"Holdemania",0,0,0,0,0,6.35310560979225e-05,0,0,0,0,0,0,0,0.000226767653861853,0,0,0,0,4.64200831847891e-05,0,0.000145593521088312,7.65579543714592e-05,5.3695599645609e-05,0,0,0,0,0,0,0,0,0,0,0,0,0,0,0,0,0,0,0,0,0,0,0,0,0,0,0,0,0,0,0,0,0,0,0,0,0,0,0,0,0,0,0,0,0,0,0,0,0,0,0,0,0,0,0,0,0,0,0,0
"Incertae Sedis",0.00118415324336091,0,0.00248908930584545,0.000356211436931493,0.00214012164902005,0.00278477795895894,0,0,0,0,0.000192097706960003,0.011173241258492,0.012747791952895,0.0281191890788698,0,0,2.72378133483444e-05,0.000130045051321351,0.000937685680332739,0.00222053726169844,0.00957277401155649,0.0108999387536365,0.00264898291585005,0.000336051396095873,0.000581856205622923,0.00125332780140373,0,0,0,0,0,0,0,0,0,0,0,0,0,0,0,0,9.84144341170038e-05,0,0,0.000219925225423356,0,9.78844718520966e-05,0,0,9.6174653170157e-05,0,0,2.93414315684462e-05,0,0.000232429762631105,0,0,0.000176690151732668,0.000113274336283186,0,0.000138729490106065,0,0,0,0,0.000410429222560646,0.0016397704321395,0,0,0,0,0,0,0.000102322725877417,2.94487199623056e-05,0.000504433409185172,0.000296480773221857,0.000639592815016293,0,0.000386297908771051,0.000187521765919258,0
"Intestinimonas",0,0,0,0,0.000157693174138319,0.000105885093496538,0,0,0,0,0,0.000529634043246657,0.000353287536800785,0.00136060592317112,0,0,0,0,5.57040998217469e-05,0.000135398613518198,0.000382182992856818,0,0.000411666263949669,0,0,6.9149120077447e-05,0,0,0,0,0,0,0,0,0,0,0,0,0,0,0,0,0,0,0,0,0,0,0,0,0,0,0,0,0,0,0,0,0,0,0,0,0,0,0,0,0,0,0,0,0,0,0,0,0,0,0,0,2.69302237901597e-05,0,2.08809680416784e-05,0,0
"Lachnoanaerobaculum",0,0,0,0,0,0,0,0,0,0,0,0,0,0,0,0,0,0,0,0,0,0,0,0,0,0,0,0,0,0,0,0,0,0,0,0,0,0,0,0,0,0,0,0,0,0,0,0,0,0,0,0,0,0,0,0,0,0,0,0,0,0,0,0,0,0,0,0,0,0,0,0,0,0,0,0,0,0,0,0,0,0,0
"Lachnospira",0.000626904658249891,0,0.000870623165273297,0.000610648177596845,0.00154314034692498,0.00178945808009148,0,0,0,0,0,0.00207779509273688,0.000206084396467125,0.00072565649235793,0,0,0,0,0.000287804515745692,0.00054159445407279,0.00151053278129123,0.000641172867860971,0.000715941328608121,0.000691870521373857,0.000244548260334272,0.000345745600387235,0,0,0,0,0,0,0,0,0,0,0,0,0,0,0,0,0,0,0,0,0,0,0,0,0.000781419057007526,0,0,0,0,0,0,0,0,0.000184070796460177,0,0,0,0,0,0,0.000172812304236062,0.00104985302057712,0,0,0,0,0,0,7.16259081141922e-05,0,0.000717416404174467,0.000177888463933114,0.000249104570058977,0.00010366991499067,0.000271452584541819,0.000281282648878888,0.000225036568442372
"Lactobacillus",0.0183717892903788,0.0405241772730942,0.0178812603944593,0.0155206411805865,0.0173800405496734,0.0130238665000741,0.0133488406207106,0.0364636805130985,0.0356213017751479,0.0212461110201408,0.076171796012456,0.0272557826870779,0.0398233562315996,0.00766474670053064,0.148967617682626,0.0335725712309222,0.013836809180959,0.016339231805304,0.0230707813428402,0.016004116117851,0.0234132581100141,0.0390158474965549,0.0195451982710017,0.054173461823573,0.0473664682171589,0.030442900114096,0.0457109470441387,0.0549593335471509,0.00553602704324715,0.00741209533821037,0.00603119389587074,0.0313044216964703,0.0394358283848844,0.0329067971861257,0.141905744948602,0.15991467136038,0.143386910846728,0.131972429244916,0.0582343843544203,0.0684709278258243,0.0650699923149508,0.0899441567397271,0.0850738108255878,0.0952877575344798,0.184932161284158,0.169105581025528,0.220496894409938,0.142678853283412,0.139038754046359,0.179780906718456,0.201089177947152,0.182352046605758,0.181664673186519,0.0585508266948344,0.0501584676863718,0.0454254917342166,0.0449971283741604,0.165785284064974,0.146166928020849,0.197578761061947,0.152418015135667,0.0609274697002182,0.0529053208030051,0.170127757983699,0.166053979698321,0.115459735576923,0.105825934806558,0.141270222168896,0.157797642771736,0.193306182121972,0.160508999667153,0.192399961615968,0.0604892142593357,0.0554838709677419,0.201002762713599,0.118658708968117,0.168548016455739,0.139345963414273,0.149523335038914,0.127228903172299,0.112496215324542,0.126885263468081,0.105179591683649
"Lactococcus",0,0,0,0,0,0,0,0,0,0,0,0,0,0,0,0,0,0,0,0,0,0,0,0,0,0,0,0,0,0,0,0,0,0,0,0,0,0,0,0,0,0,0,0,0,0,0,0,0,0,0,0,0,0,0,0,0,0,0,0,0,0,0,0,0,0,0,0,0,0,0,0,0,0,0,0,0,0,0,0,0,0,0
"Lautropia",0,0,0,0,0,0,0,0,0,0,0,0,0,0,0,0,0,0,0,0,0,0,0,0,0,0,0,0,0,0,0,0,0,0,0,0,0,0,0,0,0,0,0,0,0,0,0,0,0,0,0,0,0,0,0,0,0,0,0,0,0,0,0,0,0,0,0,0,0,0,0,0,0,0,0,0,0,0,0,0,0,0,0
"Leptotrichia",0,0,0,0,0,0,0,0,0,0,0,0,0,0,0,0,0,0,0,0,0,0,0,0,0,0,0,0,0,0,0,0,0,0,0,0,0,0,0,0,0,0,0,0,0,0,0,0,0,0,0,0,0,0,0,0,0,0,0,0,0,0,0,0,0,0,0,0,0,0,0,0,0,0,0,0,0,0,0,0,0,0,0
"Leuconostoc",0,0,0,0,0,0,0,0,0,0,0,0,0,0,0,0,0,0,0,0,0,0,0,0,0,0,0,0,0,0,0,0,0,0,0,0,0,0,0,0,0,0,0,0,0,0,0,0,0,0,0,0,0,0,0,0,0,0,0,0,0,0,0,0,0,0,0,0,0,0,0,0,0,0,0,0,0,0,0,0,0,0,0
"Listeria",0,0,0.000279045886305544,0,0.000810993466997071,0,0,0,0,0,0,0.00222038887361098,0.00598626104023552,0.000351489863485872,0,0,0,0,0.000371360665478313,0,0.00246599026343328,0.0068232276833563,0,0.00103780578206079,0.00726898622097044,0.00303391764339799,0,9.04612702407092e-05,0,0,0,0,0,0,0,0,0,0.077297692582969,0.187936539612852,0.175328089862499,0.16822475364067,0.178184620793164,0.170858392564243,0.169642857142857,0.0645423275367858,0.0734042733163032,0.0594727787011927,0.0765701281063025,0.095175569740383,0.0526036293014505,0.054663268495588,0.05613981727361,0.0472947301765989,0.199316344644455,0.188793843609883,0.147142566605654,0.158413863710141,0.0629251511339219,0.0770589924244098,0.0615221238938053,0.043145880760475,0.189794554236925,0.143704335621999,0.111494458180177,0.118240679252443,0.157949594350962,0.149925474693798,0.0908972743815866,0.0843819393042191,0.0793337510442774,0.0445374708758993,0.0632952691680261,0.1531510003693,0.147379032258065,0.121293359255091,0.161280822993561,0.0784113710500062,0.0760670837162877,0.0874020413109633,0.111095272651876,0.0958749647633664,0.0935331779581559,0.102091589883356
"Lysobacter",0,0,0,0,0,0,0,0,0,0,0,0,0,0,0,0,0,0,0,0,0,0,0,0,0,0,0,0,0,0,0,4.24754704158349e-05,5.81220757330647e-05,0,0,4.78299549441824e-05,0,0,0,0,0,0,0,0,0,0,0,0,0,0,0,0,0,0,0,0,0,0,0,0,0,0,0,0,0,0,0,0,0,0,0,0,0,0,0,0,0,0,0,0,0,0,0
"Marvinbryantia",0.00020896821941663,0,0,0,0,0,0,0,0,0,0,0.000295372831810635,0.00113837095191364,0.00187083314436029,0,0,0,0,0,0,0.000336685017516721,0.000765579543714592,0.000304275064658451,0,0,0,0,0,0,0,0,0,0,0,0,0,0,0,0,0,0,0,0,0,0,0,0,0,0,0,0,0,0,0,0,0,0,0,0,0,0,0,0,0,0,0,0,0,0,0,0,0,0,0,0,0,0,0,0,0,0,0,0
"Massilia",0,0,0,0,0,0,0,0,0,0,0,0,0,0,0,0,2.72378133483444e-05,0,0,0,0,0,0,0,2.52980958966488e-05,0,0,0,0,0,0,0,0,0,0,0,0,0,0,0,0,0,0,0,0,0,0,0,0,0,0,0,0,0,0,0,0,0,0,0,0,0,0,0,0,0,0,0,0,0,0,0,0,0,0,0,0,0,0,0,0,0,0
"Megasphaera",0,0,0,0,0,0,0,0,0,0,0,0,0,0,0,0,0,0,0,0,0,0,0,0,0,0,0,0,0,0,0,0,0,0,0,0,0,0,0,0,0,0,0,0,0,0,0,0,0,0,0,0,0,0,0,0,0,0,0,0,0,0,0,0,0,0,0,0,0,0,0,0,0,0,0,0,0,0,0,0,0,0,0
"Methylobacterium",0,0,0,0,0,0,0,0,0,0,0,0,0,0,0,0,0,0,0,0,0,0,0,0,0,0,0,0,0,0,0,0,0,0,0,0,0,0,0,0,0,0,0,0,0,0,0,0,0,0,0,0,0,0,0,0,0,0,0,0,0,0,0,0,0,0,0,0,0,0,0,0,0,0,0,0,0,0,0,0,0,0,0
"Mogibacterium",0,0,0,0,0,0,0,0,0,0,0,0,0,0,0,0,0,0,0,0,0,0,0,0,0,0,0,0,0,0,0,0,0,0,0,0,0,0,0,0,0,0,0,0,0,0,0,0,0,0,0,0,0,0,0,0,0,0,0,0,0,0,0,0,0,0,0,0,0,0,0,0,0,0,0,0,0,0,0,0,0,0,0
"Moraxella",0,0,0,0,0,0,0,0,0,0,0,0,0,0,0,0,0,0,0,8.12391681109185e-05,0,0,0,0,0,0,0,0,0,0,0,0,0,0,0,0,0,0,0,0,0,0,0,0,0,0,0,0,0,0,0,0,0,0,0,0,0,0,0,0,0,0,0,0,0,0,0,0,0,0,0,0,0,0,0,0,0,0,0,0,0,0,0
"Mycobacterium",0,0,0,0,0,0,0,0,0,0,0,0,0,0,0,0,0,0,0,0,0,0,0,0,0,0,0,0,0,0,0,0,0,0,0,0,0,0,0,0,0,0,0,0,0,0,0,0,0,0,0,0,0,0,0,0,0,0,0,0,0,0,0,0,0,0,0,0,0,0,0,0,0,0,0,0,0,0,0,0,0,0,0
"Neisseria",0,0,0,0,0,0,0,0,0,0,0,0,0,0,0,5.40447057806217e-05,0,0,5.57040998217469e-05,0,1.81991901360389e-05,0,9.84419326836166e-05,0,0,1.72872800193618e-05,0,0,0,0,0,0.0297753047615002,0.030843448189013,0.0348663951524784,0.00104633570408495,0.000975731080861322,0.00119625029906257,0,0,0,0,0,0,0,0,0,0,0,0,0,0,0,0,0,0,0,0,0,0,0,0,0,0,0,0,0,0,0,0,0,0,0,0,0,0,0,0,0,0,0,0,0,0
"Nevskia",0,0,0,0,0,0,0,0,0,0,0,0,0,0,0,0,0,0,0,0,0,0,0,0,0,0,0,0,0,0,0,0,0,0,0,0,0,0,0,0,0,0,0,0,0,0,0,0,0,0,0,0,0,0,0,0,0,0,0,0,0,0,0,0,0,0,0,0,0,0,0,0,0,0,0,0,0,0,0,0,0,0,0
"Nocardioides",0,0,0,0,0,0,0,0,0,0,0,0,0,0,0,0,0,0,0,0,0,0,0,0,0,0,0,0,0,0,0,0,0,0,0,0,0,0,0,0,0,0,0,0,0,0,0,0,0,0,0,0,0,0,0,0,0,0,0,0,0,0,0,0,0,0,0,0,0,0,0,0,0,0,0,0,0,0,0,0,0,0,0
"Nosocomiicoccus",0,0,0,0,0,0,0,0,0,0,0,0,0,0,0,0,0,0,0,0,0,0,0,0,0,0,0,0,0,0,0,0,0,0,0,0,0,0,0,0,0,0,0,0,0,0,0,0,0,0,0,0,0,0,0,0,0,0,0,0,0,0,0,0,0,0,0,0,0,0,0,0,0,0,0,0,0,0,0,0,0,0,0
"Odoribacter",0,0,0,0,0.000180220770443794,0.00016941614959446,0,0,0,0,0,0,0,0,0,0,0,0,0,0,0,0,0,0,0,0,0,0,0,0,0,0,0,0,0,0,0,0,0,0,0,0,0,0,0,0,0,0,0,0,0,0,0,0,0,0,0,0,0,0,0,0,0,0,0,0,0,0,0,0,0,0,0,0,0,0,7.84674192065823e-05,0,0,0,0,0,0
"Oribacterium",0,0,0,0,0,0,0,0,0,0,0,0,0,0,0,0,0,0,0,0,0,0,0,0,0,0,0,0,0,0,0,0,0,0,0,0,0,0,0,0,0,0,0,0,0,0,0,0,0,0,0,0,0,0,0,0,0,0,0,0,0,0,0,0,0,0,0,0,0,0,0,0,0,0,0,0,0,0,0,0,0,0,0
"Oscillibacter",0,0,0.000770166646203302,0.000508873481330704,0.00234287001576932,0.00272124690286102,0,0,0,0,0,0.000112037970686793,0,0.000306136332713502,0,0,2.72378133483444e-05,0,0,0.000270797227036395,0.000300286637244643,0,0.00047431113020288,0.000425006177415369,0.000143355876747677,0.000164229160183937,0,0,0,0,0,0,0,0,0,0,0,0,0,0,0,0,0,0,0,0,0,0.000208004502685705,0.000130003510094773,0,0,0,0,0,0,0,0,0,0,5.66371681415929e-05,0,0,0,0,0,0,0,0.00034995100685904,0,0,0,0,0,0,0,0,0.000470804515239494,3.95307697629142e-05,0.000100988339213099,0,6.26429041250352e-05,9.37608829596292e-05,0
"Oscillospira",0,0,0,0,0,0,0,0,0,0,0,0,0,0,0,0,0,0,0,0,0,0,8.94926660760151e-05,0,0,0,0,0,0,0,0,0,0,0,0,0,0,0,0,0,0,0,0,0,0,0,0,0,0,0,0,0,0,0,0,0,0,0,0,0,0,0,0,0,0,0,0,0,0,0,0,0,0,0,0,0,0,0,0,0,0,0,0
"other",0.403796255986069,0.341091946290665,0.359589690928776,0.338362699573818,0.343782383419689,0.386438237224963,0.320131183268894,0.300164957491723,0.315009861932939,0.319796954314721,0.26901767298904,0.214155488332773,0.216957801766438,0.195881899405869,0.362218390289784,0.352836266159367,0.290091791430984,0.276494356973666,0.330910204991087,0.316805675909879,0.227426179535011,0.228305389679988,0.277910525232457,0.34809982703237,0.309648693774982,0.347059433668707,0.00514155202634514,0.00547701872548294,0.0675468786360797,0.065689829017656,0.0628366247755835,0.01697956929873,0.0148889384002867,0.0151981722459521,0.0181270590896879,0.0154299434649933,0.0175196293799073,0.273918252399994,0.167406705248453,0.166232196999362,0.189149488798311,0.1628784293576,0.161651175505741,0.166588625915205,0.310959296770495,0.303412224459069,0.302860642113551,0.343415433934099,0.347343378271213,0.408918492444013,0.395073453391359,0.402290513903349,0.407078027158235,0.206578348957646,0.176519222819347,0.224149452337372,0.217544385347217,0.342971020140056,0.290820946617488,0.315738053097345,0.43462745339322,0.194662698162465,0.205718452880554,0.29985992686114,0.279954463523385,0.225548377403846,0.243924567429201,0.22509848621193,0.216147582986961,0.256787802840434,0.432150446782907,0.381652432588043,0.203745139356549,0.208131720430108,0.271963573109588,0.232821580021988,0.261487069690278,0.27725893642464,0.290099103223548,0.244712834335476,0.263893674110732,0.248412762195612,0.24381461987573
"Paenibacillus",0.0323378319547236,0.0346312192234211,0.038251610094764,0.0395776350104955,0.0435007884658707,0.0393045467059147,0.0340112532612454,0.0444462388538338,0.0415976331360947,0.0330085694012336,0.0208173251910867,0.0193418278485654,0.0135623159960746,0.0115197968161821,0.0251937116495723,0.0327402827619006,0.0458140020519153,0.0452278110631183,0.0439319667260844,0.0437879116117851,0.019646025751854,0.015426427805849,0.0323068524534414,0.0589177168272795,0.0357630748992293,0.0425007779276009,0,0,0,0,0,0,0,0,0,0,0,0,0,0,0,0,0,0,3.18491623670297e-05,0,0,0,0,0,0,0,0,0,0,0,0,0,0,0,0,0,0,0,0,0,0,0,0,0,0,0,0,0,0,0,0,0,0,0,0,0,0
"Papillibacter",0,0,0,0,0,0,0,0,0,0,0,0,0,0,0,0,0,0,0,0,0,0,0,0,0,0,0,0,0,0,0,0,0,0,0,0,0,0,0,0,0,0,0,0,0,0,0,0,0,0,0,0,0,0,0,0,0,0,0,0,0,0,0,0,0,0,0,0,0,0,0,0,0,0,0,0,0,0,0,0,0,0,0
"Parabacteroides",0.126808881149325,0.175658585151898,0.135616300744494,0.138668023662617,0.116186077945483,0.118612481734821,0.173210113266065,0.157874701519224,0.152554240631164,0.167458108181868,0.116016904598212,0.074220062944969,0.086918547595682,0.0522812825978502,0.125554261656291,0.147596091486878,0.13906719568553,0.137206818076262,0.122484031491384,0.11265164644714,0.0904590745711816,0.0774670800796203,0.112474382724336,0.122737830491722,0.12407872767443,0.112064792725513,0,0,0,0,0,0,0,0,0,0,0,0.000171150285509794,0,0,0,0,0,0,0,0.000372181150716449,0.000306184935701164,0.000318124533519314,0,0,0.000228414801279123,0,0,0,0,5.81074406577762e-05,0,0,0,0.000311504424778761,0,0,0,2.82026454081393e-05,0,0,0.000172812304236062,0.000749895014697942,0,6.265664160401e-05,0,3.83840322425871e-05,0,0,3.06968177632252e-05,5.88974399246113e-05,0.000504433409185172,0.000256950003458942,0.000127918563003259,0,0.000114845324229231,0.000174127354067883,0.000125020315801318
"Paracoccus",0,0,0,0,0,0,0,0,0,0,0,0,0,0,0,0,0,0,0,0,0,0,0,0,0,0,0,0,0,0,0,0,0,0,0,0,0,0,0,0,0,0,0,0,0,0,0,0,0,0,0,0,0,0,0,0,0,0,0,0,0,0,0,0,0,0,0,2.99958005879177e-05,0,0,0,0,0,0,0,0,0,0,0,0,0,0,0
"Parasutterella",0,0,0,0,7.88465870691597e-05,0,0,0,0,0,0,0,0,0,0,0,0,0,0,0,0,0,0.000232680931797639,0,0,0,0,0,0,0,0,0,0,0,0,0,0,0,0,0,0,0,0,0,0,0,0,0,0,0,0,0,0,0,0,0,0,0,0,0,0,0,0,0,0,0,0,0,0,0,0,0,0,0,0,0,0,0,0,0,0,0,0
"Pediococcus",0.0276534610361341,0.0218900519333746,0.0181156589389559,0.0201513898606959,0.01662536607344,0.0157451134029351,0.0103521621140205,0.00809791323005226,0.00602564102564103,0.00855575569019158,0.0692764993731548,0.0620995915706705,0.0910206084396467,0.055671459023085,0.0134030545975724,0.0257036620692637,0.0159068829954331,0.0365798151502485,0.0304422905525847,0.0414048960138648,0.0607124982938259,0.083170647680294,0.0279485596155395,0.0142821843340746,0.0443559948054576,0.0422673996473395,0,0,0,0,0,0,0,0,0,0,0,0,0,0,0,0,0,0,0,0,0,0,0,0,0,0,0,7.33535789211156e-05,0,0,0,0,0,0,0,0,0,0,0,0,0,0,0,0,0,0,0,0,0,0,0,0,0,0,0,0,0
"Pedobacter",0,0,0,0,0,0,0,0,0,0,0,0,0,0,0,0,0,0,0,0,0,0,0,0,0,0,0,0,0,0,0,0,0,0,0,0,0,0,0,0,0,0,0,0,0,0,0,0,0,0,0,0,0,0,0,0,0,0,0,0,0,0,0,0,0,0,0,0,0,0,0,0,0,0,0,0,0,0,0,0,0,0,0
"Peptoniphilus",0,0,0,0,0,0,0,0,0,0,0,0,0,0,0,0,0,0,0,0,0,0,0,0,0,0,0,0,0,0,0,0,0,0,0,0,0,0,0,0,0,0,0,0,0,0,0,0,0,0,0,0,0,0,0,0,0,0,0,0,0,0,0,0,0,0,0,0,0,0,0,0,0,0,0,0,0,0,0,0,0,0,0
"Phascolarctobacterium",0.000156726164562473,0,0.000524606266254423,0.000292602251765155,0.000687091687316963,0.000889434785370915,0,0,0,0,0,0.0004277813426223,0,0.000419520159644428,0,0,0,0,7.42721330956625e-05,0.000297876949740035,0.000509577323809091,0,0.000134238999114023,0.000108722510501606,0,0,0,0,0,0,0,0,0,0,0,0,0,0,0,0,0,0,0,0,0,0,0,0.000122355589815121,0,0,0,0,0,0,0,0,0,0,0,0.000155752212389381,0,0,0,0,0,0,5.40038450737693e-05,0.000139980402743616,0,0,0,0,0,0,0,0,0,0,0,0,0.000104404840208392,0,0
"Phenylobacterium",0,0,0,0,0,0,0,0,0,0,0,0,0,0,0,0,0,0,0,0,0,0,0,0,0,0,0,0,0,0,0,0,0,0,0,0,0,0,0,0,0,0,0,0,0,0,0,0,0,0,0,0,0,0,0,0,0,0,0,0,0,0,0,0,0,0,0,0,0,0,0,0,0,0,0,0,0,0,0,0,0,0,0
"Porphyromonas",0,0,0,0,0,0,0,0,0,0,0,0,0,0,0,0,0,0,0,0,0,0,0,0,0,0,0,0,0,0,0,0.0313999915049059,0.0333523844581569,0.029628760035038,0.114262686820412,0.122425552675129,0.120538530134633,0,0,0,0,0,0,0,0,0,0,0,0,0,0,0,0,0,0,0,0,0,0,0,0,0,0,0,0,0,0,0,0,0,0,0,0,0,0,0,0,0,0,0,0,0,0
"Prevotella",0,0,0,0,0,0,0,0,0,8.18732601932209e-05,0,0,2.94406280667321e-05,0,0,0,0,0,0,0,0,0.000354080538967999,0,0,0,0,0,0,0,0,0,4.24754704158349e-05,0,0,0,0,0,0,0,0,0,0,0,0,0,3.38346500651317e-05,0,0,0,0,0,0,0,0,0,0,0,0,0,0,0,0,0,0,0,0,0,0,0,0.000114870509607352,0,4.79800403032339e-05,0,0,0,0,0,0,0,0,0,0,0
"Propionibacterium",0,4.03627263676237e-05,0,0,0,0,0,0,0,0,0.000192097706960003,0.000173149591061407,0.000107948969578018,0,0.000111972051775877,7.56625880928704e-05,3.63170844644592e-05,4.64446611861966e-05,0.000148544266191325,0,0.000191091496428409,0.000449777981932323,0.000125289732506421,8.89547813194959e-05,0.000185519369908758,0.000267952840300107,0,0,0,0,0,0,7.74961009774196e-05,0,0,0,0,0,0,0,0,0,0,0,0,0,0,0,0,0,0,0,0,0,0,0,0,0,0,0,0,0,0,0,0,0,0,0,0,0,0,0,0,0,0,0,0,0,0,0,0,0,0
"Pseudobutyrivibrio",0.00494558119286025,0,0.00924199975443962,0.00419820622097831,0.00858301419238567,0.0109908727049406,0.000104778968765389,0,0,0.000382075214235031,0.000879605289764225,0.0158075391369002,0.0238763493621197,0.0518731008208989,0,0,0.000190664693438411,0.000380846221726812,0.00158756684491979,0.00463063258232236,0.0145775512989672,0.0216371918542337,0.00434934357129433,0.00298492710649864,0.000910731452279358,0.00208311724233309,0,0,0,0,0,0,0,0,0,0.000612223423285535,0,0,0,0,0,0,0.000623291416074358,0,0,0,0.000845653631936547,0.00107672919037306,0,0,0.000757375393714986,0,0,0.000396109326174024,0,0.00061012812690665,0,0.000256064840070807,0,0.00100530973451327,0.000615271026887344,0,0,0,0.000284602978844512,0,0.00118808459162292,0.00467934489171516,0,0,0.000217630642394449,0.000259092217637463,0,0.000712365591397849,0.00070602680855418,0,0.00253337667724109,0.00109697886092087,0.00158215064767188,0.000311009744972009,0.00166003695931343,0.00259851589916687,0
"Pseudomonas",0,0,0,0,0,0,0,0,0,0,0,0,0,0,0,0,0,0,0,0,0,0,0,0,0,0,0,0,0,0,0,0,0,0,0,0,0,0,0,0,0,0,0,0,0,0,0,0,0,0,0,0,0,0,0,0,0,0,0,0,0,0,0,0,0,0,0,0,0,0,0,0,0,0,0,0,0,0,0,0,0,0,0
"Pyramidobacter",0.00336090552895081,0.006686758334903,0.00536884285251867,0.00422364989504484,0.00400991214237441,0.00265771584676309,0.00391873343182556,0.00785566796248659,0.00710059171597633,0.00734130233065881,0.0230315040239414,0.0057343070451513,0.00771344455348381,0.00243775227901492,0.0261678685000224,0.00632323057633274,0.00442160503354791,0.00449584320282384,0.00556112596553773,0.00547010398613518,0.0069611902270349,0.0085075026795284,0.00388398170769905,0.0108524833209785,0.0122274130167136,0.00930055665041662,0,0,0,0,0,0,0,0,0,0,0,0,0,0,0,0,0,0,0,0,0,0,0,0,0,0,0,0,0,0,0,0,0,0,0,0,0,0,0,0,0,0,0,0,0,0,0,0,0,0,0,0,0,0,0,0,0
"Ralstonia",0.024745319982586,0.0420041439065737,0.0291547142012032,0.0295146619171808,0.0225050687091687,0.0221511615594757,0.0829535095715588,0.07641107868357,0.0797534516765286,0.0785846842421265,0.0658187406478748,0.0530856275654149,0.0527379784102061,0.0384938092430496,0.0255968110359654,0.0432249556833413,0.120899574182185,0.105438669824904,0.0845495395127748,0.0811850086655113,0.0526229582783566,0.0506239473281274,0.0598258472718161,0.0216061279960465,0.0394818949960366,0.0371935829616568,0,0,0,0,0,0,0,0,0,0,0,0,0,0,0,0,0,0,0,8.45866251628293e-05,0,0,0,0,0,0,0,0,0,0,0,0,0,0,0,0,0,0,0,0,0,0,0,0,0,0,0,0,0,0,0,0,0,0,0,0,0
"Rhizobium",0,0,0,0,0,0,0,0,0,0,0,0,0,0,0,0,0,0,0,0,0,0,0,3.95354583642204e-05,0,0,0,0,0,0,0,0,0,0,0,0,0,0,0,0,0,0,0,0,0,0,0,0,0,0,0,0,0,0,0,0,0,0,0,0,0,0,0,0,0,0,0,0,0,0,0,0,0,0,0,0,0,0,0,0,0,0,0
"Roseburia",0.000139312146277754,0,0.00109385987431773,0.000190827555499014,0.00149808515431403,0.00150356832765083,0,0,0,0,3.03312168884216e-05,0.00268891129648303,0.00248282630029441,0.00627012562928024,0,0,0,0,0.000492052881758764,0.000839471403812825,0.00261158378452159,0.00142589190016843,0.00053695599645609,0,1.68653972644326e-05,0.000363032880406597,0,0,0,0,0,0,0,0,0,0,0,0,0,0,0,0,0,0,0,0,0.000102061645233721,0,0,0,0,3.50946971912544e-05,0,0,0,5.81074406577762e-05,0,0,0,8.49557522123894e-05,0,0,0,0,0,0,6.48046140885231e-05,0.000999860019597256,0,0,0,0,0,4.03225806451613e-05,0,0,0.000123305944467486,0,0.000114453451108179,7.77524362430023e-05,0.00012528580825007,0.000160732942216507,0
"Rothia",0,0,0,0,0,0,0,0,0,0,0,0,0,0,0,0,0,0,0.000157828282828283,0,0,0,0,0,0,0,0,0,0,0,0,0,0,0,0,0,0,0,0,0,0,0,0,0,0,0,0,0,0,0,0,0,0,0,0,0,0,0,0,0,0,0,0,0,0,0,0,0,0,0,0,0,0,0,0,0,0,0,0,0,0,0,0
"Rubellimicrobium",0,0,0,0,0,0,0,0,0,0,0,0,0,0,0,0,0,0,0,0,0,0,0,0,0,0,0,0,0,0,0,0,0,0,0,0,0,0,0,0,0,0,0,0,0,0,0,0,0,0,0,0,0,0,0,0,0,0,0,0,0,0,0,0,0,0,0,0,0,0,0,0,0,0,0,0,0,0,0,0,0,0,0
"Ruminococcus",0.00806269046582499,0,0.0050786351307609,0.0040837096876789,0.00776075692723586,0.00826962580207958,0,0.00013842586718038,0,0.0002592653239452,0.00101104056294739,0.0798117762092462,0.014288518155054,0.0599120141503016,0,0,0.000190664693438411,0.000789559240165343,0.00645239156268568,0.00316832755632582,0.085490695664043,0.0164599601898637,0.0129048424481614,0.00324190758586607,0.00156848194559223,0.00325000864364001,0,0,0,0.000128719455945766,0,0,0,0,0,0.00051656351339717,0,0.000140032051780741,0,0,0,0,0.000699835975943138,0,0,0.000609023701172371,0.000976875747237046,0.000746369097872236,0,0.000197244644049281,0.00109398667981054,5.8491161985424e-05,0,0.00146707157842231,0,0.000653708707399983,0.000449471870552101,0.000178132062657953,0,0.000807079646017699,0.000446071494493324,0.00116028300815982,0,0,0,0.00123009314903846,0.00130689305078522,0.00600915871777951,0.000193588794625064,0.000344611528822055,0.000243234247382031,0.000153536128970348,0,0.00170698924731183,0.000634400900439988,0.000814747918957123,0.00126668833862054,0.000919090396987755,0.00263916193143565,0.000362844702467344,0.00294421649387666,0.00318787002062739,6.25101579006589e-05
"Salinarimonas",0,0,0,0,0,0,0,0,0,0,0,0,0,0,0,0,0,0,0,0,0,0,0,0,0,0,0,0,0,0,0,0,0,0,0,0,0,0,0,0,0,0,0,0,0,0,0,0,0,0,0,0,0,0,0,0,0,0,0,0,0,0,0,0,0,0,0,0,0,0,0,0,0,0,0,0,0,0,0,0,0,0,0
"Scardovia",0,0,0,0,0,0,0,0,0,0,0,0,0,0,0,0,0,0,0,0,0,0,0,0,0,0,0,0,0,0,0,0,0,0,0,0,0,0,0,0,0,0,0,0,0,0,0,0,0,0,0,0,0,0,0,0,0,0,0,0,0,0,0,0,0,0,0,0,0,0,0,0,0,0,0,0,0,0,0,0,0,0,0
"Sediminibacterium",0,0,0,0,0,0,0,0,0,0,0,0,0,0,0,0,0,0,0,0,0,0,2.68477998228045e-05,0,0,0,0,0,0,0,0,0,0,0,0,0,0,0,0,0,0,0,0,0,0,0,0,0,0,0,0,0,0,0,0,0,0,0,0,0,0,0,0,0,0,0,0,0,0,0,0,0,0,0,0,0,0,0,0,0,0,0,0
"Solobacterium",0,0,0,0,0,0,0,0,0,0,0,0,0,0,0,0,0,0,0,0,0,0,0,0,0,0,0,0,0,0,0,0,0,0,0,0,0,0,0,0,0,0,0,0,0,0,0,0,0,0,0,0,0,0,0,0,0,0,0,0,0,0,0,0,0,0,0,0,0,0,0,0,0,0,0,0,0,0,0,0,0,0,0
"Sphingomonas",0,0,0,0,0,0,0,0,0,0,0,0,0,0,0,0,0,0,0,0,0,0,0,0,0,0,0,0,0,0,0,0,0,0,0,0,0,0,0,0,0,0,0,0,0,0,0,0,0,0,0,0,0,0,0,0,0,0,0,0,0,0,0,0,0,0,0,0,0,0,0,0,0,0,0,0,0,0,0,0,0,0,0
"Staphylococcus",0,0,0.000401826076279983,0,0.000630772696553278,0,0.000136212659395006,0,0,0,0,0.00341206547091596,0.00782139352306183,0.000634949430813189,0,0,9.0792711161148e-05,6.50225256606753e-05,0.000473484848484848,0.000487435008665511,0.00340324855543928,0.00681365793905987,0,0.00104768964665184,0.00882060276929823,0.0041575908446565,0.0782068306156053,0.0744660729117838,0.547380797824782,0.549964602149615,0.555122307001795,0.0995094083166971,0.0908254303455357,0.0970678273747708,0.238083791694357,0.198781292748022,0.23546555886639,0.0586578705792659,0.230031430852125,0.220673297456954,0.241952586164966,0.225333639817732,0.219464188080919,0.229950621488166,0.0429167462895726,0.0880039248194076,0.0727407925815764,0.0677727611985954,0.0654697676837275,0.0390696121866845,0.0413551008631675,0.0345097855714002,0.0412720748610427,0.204113668705896,0.204948007759087,0.158110346029809,0.165705296276875,0.0608543659055232,0.106610420301698,0.0782300884955752,0.0423614102011936,0.177952100490598,0.232852209089533,0.0612373440628731,0.0720519874774689,0.145207331730769,0.0981465880370682,0.125732397464355,0.0736434549906052,0.0692982456140351,0.0466881736948562,0.0393340370405911,0.246258119175374,0.150887096774194,0.0672055663562877,0.104788361865871,0.106569964913854,0.110162372636801,0.0794239625131285,0.084711279286751,0.091030580177697,0.0881620188057542,0.104554490104642
"Stomatobaculum",0,0,0,0,0,0,0,0,0,0,0,0,0,0,0,0,0,0,0,0,0,0,0,0,0,0,0,0,0,0,0,0,0,0,0,0,0,0,0,0,0,0,0,0,0,0,0,0,0,0,0,0,0,0,0,0,0,0,0,0,0,0,0,0,0,0,0,0,0,0,0,0,0,0,0,0,2.24192626304521e-05,0,0,0,0,0,0
"Streptococcus",0.000243796255986069,0,0.000223236709044435,0,0.000236539761207479,0.000402363355286843,0,0,0,0,0,0.0004277813426223,0.00122669283611384,0.00329946936368996,0,0,0,0,0.00038064468211527,0.000839471403812825,0.000646071249829383,0.00183739090491502,0.000152137532329226,0.000108722510501606,0.000118057780851028,0.000181516440203298,0.0503107239602698,0.100905435077591,0.00622190649993264,0.00741209533821037,0.00749925194494315,0.0395659006923502,0.0731756933479284,0.0402936687827917,0.107970532924225,0.140189597941399,0.0999086499771625,0,0,0,0,0,0,0,0,0,0,0,0,0,0.000180327474694044,0,0,0,0,0,0,0,0,5.66371681415929e-05,0,8.82824027947686e-05,0,0,0,0,0.000118808459162292,0.000229967804507369,0,0,0,0,0,0,0,0,0,8.8944231966557e-05,0.000121186007055719,0,7.30833881458744e-05,0.000133944118513756,0
"Subdoligranulum",0.00578145407052677,0.00745365013588785,0.00992287171702515,0.00779848610139304,0.0124802883532327,0.0115732407191716,0.0131183268894268,0.0133350252050433,0.0129585798816568,0.0123628622891764,0.0127694423100255,0.021460364021552,0.0309617271835132,0.0670325184815638,0.00474761499529717,0.00635565739980112,0.0104683995968804,0.0108308949886211,0.0102959744503862,0.0115359618717504,0.0215842395013422,0.0280871995100291,0.00930723727190557,0.00946874227823079,0.00907358372826472,0.00828925076928396,0,0,0,0,0,0,0,0,0,0.000267847747687422,0,0,0,0,0,0,0.000481137233460908,0,0,0.000541354401042107,0.000656110576502493,0.000403773446389898,0,0,0.000432785939265707,0,0,0.0001907193051949,0,0.000857084749702199,0.000474442530027218,0,0,0.00048141592920354,0,0.000252235436556482,0,0,5.92922872592733e-05,0.000112680288461538,0.000939666904283585,0.00262963185154078,0,0.00018796992481203,0,0.000249496209576816,0,0.000577956989247312,0.000184180906579351,0.000265038479660751,0.000325079308141555,0.000256950003458942,0.00129265074192767,0,0.00132594147064658,0.00154035736290819,6.25101579006589e-05
"Succiniclasticum",0,0,0,0,0,0,0,0,0,0,0,0,0,0,0,0,0,0,0,0,0,0,0.000617499395924504,0,0,0,0,0,0,0,0,0,0,0,0,0,0,0,0,0,0,0,0,0,0,0,0,0,0,0,0,0,0,0,0,0,0,0,0,0,0,0,0,0,0,0,0,0,0,0,0,0,0,0,0,0,0,0,2.01976678426198e-05,0,0,0,0
"Sutterella",0,0,0,0,0,0,0,0,0,0,0,0,0,0,0,0,0,0,0,0,0,0,0,0,0,0,0,0,0,0,0,0,0,0,0,0,0,0,0,0,0,0,0,0,0,0,0,0,0,0,0,0,0,0,0,0,0,0,0,0,0,0,0,0,0,0,0,0,0,0,0,0,0,0,0,0,0,0,0,0,0,0,0
"Synergistes",0,0,0,0,0,0,0,0,0,0,0,0,0,0,0,0,0,0,0,0,0,0,0,0,0,0,0,0,0,0,0,0,0,0,0,0,0,0,0,0,0,0,0,0,0,0,0,0,0,0,0,0,0,0,0,0,0,0,0,0,0,0,0,0,0,0,0,0,0,0,0,0,0,0,0,0,0,0,0,0,0,0,0
"Thalassospira",0,0,0,0,0,0,0,0,0,0,0,0,0,0,0,0,0,0,0,0,0,0,0,0,0,0,0,0,0,0,0,0,0,0,0,0,0,0,0,0,0,0,0,0,0,0,0,0,0,0,0,0,0,0,0,0,0,0,0,0,0,0,0,0,0,0,0,0,0,0,0,0,0,0,0,0,0,0,0,0,0,0,0
"Treponema",0,0,0,0,0,0,0,0,0,0,0,0,0,0,0,0,0,0,0,0,0,0,0,0,0,0,0,0,0,0,0,0,0,0,0,0,0,0,0,0,0,0,0,0,0,0,0,0,0,0,0,0,0,0,0,0,0,0,0,0,0,0,0,0,0,0,0,0,0,0,0,0,0,0,0,0,0,0,0,0,0,0,0
"Turicibacter",0,0,0,0,0,0,0,0,0,0,0,0,0,0,0,0,0,0,0,0,0,0,0,0,0,0,0,0,0,0,0,0,0,0,0,0,0,0,0,0,0,0,0,0,0,0,0,0,0,0,0,0,0,0,0,0,0,0,0,0,0,0,0,0,0,0,0,0,0,0,0,0,0,0,0,0,0,0,0,0,0,0,0
"uncultured",0.00144536351763169,0,0.00788025582926856,0.00209910311048915,0.0104190132912818,0.00854492704517058,0,0,0,0,0.000384195413920006,0.0140658579562237,0.00719332679097154,0.0292303505827929,0,0,0.000199743964554526,0.000919604291486694,0.0017175430778372,0.0034932842287695,0.0150416306474362,0.00798116674322462,0.0175316132842914,0.00169014084507042,0.000834837164589412,0.00181516440203298,0,0,0,0.000150172698603394,0,0,0,0,0,0,0,0,0,0,0,0,0.000535811919081465,0,0,0.000710527651367766,0.000874814102003324,0.000807546892779797,0,0,0.00128633598615085,0,0,0.000205390020979124,0,0,0,0,0,0.00101946902654867,0.000323017289115856,0.00021440012107301,8.25570675729598e-05,0,0,0,0.000939666904283585,0.00404943307936889,0,5.22138680033417e-05,0,0.000393436330486518,6.51706384550214e-05,0,0.000388826358334186,0.000510444479346631,0.0013787846517728,0.000434838467392056,0.00084830204939003,7.77524362430023e-05,0.000803917269604619,0.00103136971255592,0.000137522347381449
"Veillonella",0,0,0,0,0,0,0,0,0,0,0,0,0,0,0,0,0,0,0,0,0,0,0,0,0,0,0,0,0,0,0,0,0,0,0,0,0,0,0,0,0,0,0,0,0,0,0,0,0,0,0,0,0,0,0,0,0,0,0,0,0,0,0,0,0,0,0,0,0,0,0,0,0,0,0,0,0,0,0,0,0,0,0
"Weissella",0,0,0,0,0,0,0,0,0,0,0,0,0,0,0,0,0,0,0,0,0,0,0,0,0,0,0,0,0,0,0,0,0,0,0,0,0,0,0,0,0,0,0,0,0,0,0,0,0,0,0,0,0,0,0,0,0,0,0,0,0,0,0,0,0,0,0,0,0,0,0,0,0,0,0,0,0,0,0,0,0,0,0
"uncultured bacterium",0,0,0,0,0,0,0,0,0,0,0,0,0,0,0,0,0,0,0,0,0,0,0,0,0,0,0,0,0,0,0,0,0,0,0,0,0,0,0,0,0,0,0,0,0,0,0,0,0,0,0,0,0,0,0,0,0,0,0,0,0,0,0,0,0,0,0,0,0,0,0,0,0,0,0,0,0,0,0,0,0,0,0
