"","Domain","Kingdom","Phylum","Class","Order","Family","Genus","Species","Naming","Gram","Art.Col","MSA1000","MSA1001","MSA1002","MSA1003","Zymo.Ext","Zymo.Seq","PC04924_OB","PC04925_OB","PC07578_OB","PC04924_MSA1000","PC04924_MSA1001","PC04924_MSA1002","PC04924_MSA1003","PC04924_Seq200","PC04924_Seq2000","PC04925_MSA1000","PC04925_MSA1001","PC04925_MSA1002","PC04925_MSA1003","PC04925_Seq200","PC04925_Seq2000","PC07578_MSA1000","PC07578_MSA1001","PC07578_MSA1002","PC07578_MSA1003","PC07578_Seq200","PC07578_Seq2000"
"Acinetobacter","Bacteria","Eubacteria","Proteobacteria","Gammaproteobacteria","Pseudomonadales","Moraxellaceae","Acinetobacter","Acinetobacter baumannii","D_0__Bacteria;D_1__Proteobacteria;D_2__Gammaproteobacteria;D_3__Pseudomonadales;D_4__Moraxellaceae;D_5__Acinetobacter","N",NA,NA,NA,0.05,0.0018,NA,NA,0.0023695682893341,0.00483426123397563,0.00326264981009406,0,0,0.0767724273480275,0.002366588582614,0,0,0,0,0.0785777066264871,0.00251768989107138,0,0,NA,0,0.0757549265310616,0.00226983410678323,7.11789367290431e-06,0
"Actinomyces","Bacteria","Eubacteria","Actinobacteria","Actinobacteria","Actinomycetales","Actinomycetaceae","Actinomyces","Actinomyces odontolyticus","D_0__Bacteria;D_1__Actinobacteria;D_2__Actinobacteria;D_3__Actinomycetales;D_4__Actinomycetaceae;D_5__Actinomyces","P",NA,NA,NA,0.05,2e-04,NA,NA,0.000389971674853471,0.000782609913058899,0.000614827749370208,0,0,0.0128597501052927,4.01116708917627e-05,0,0,0,0,0.0130897447970619,5.87216301124519e-05,0,0,NA,0,0.0146031252630829,5.38833022381777e-05,0,0
"Alistipes","Bacteria","Eubacteria","Bacteroidetes","Bacteroidia","Bacteroidales","Rikenellaceae","Alistipes","Alistipes shahii","D_0__Bacteria;D_1__Bacteroidetes;D_2__Bacteroidia;D_3__Bacteroidales;D_4__Rikenellaceae;D_5__Alistipes","N",0.04,NA,NA,NA,NA,NA,NA,0.00327753370861165,0.00154981963104866,0.00224100651907009,4.99971430203988e-05,4.23538580129264e-05,7.72146567457532e-05,7.22010076051728e-05,4.81978037867408e-05,2.47774162110375e-05,4.71605953014573e-05,6.29717256951629e-05,0.000117713532347679,0.000139463871517073,7.09370788110946e-05,0.000251228928173649,NA,7.87768109714613e-05,3.88553222077594e-05,6.06187150179499e-05,5.69431493832345e-05,4.18328359873944e-05
"Anaerostipes","Bacteria","Eubacteria","Firmicutes","Clostridia","Clostridiales","Lachnospiraceae","Anaerostipes","Anaerostipes hadrus","D_0__Bacteria;D_1__Firmicutes;D_2__Clostridia;D_3__Clostridiales;D_4__Lachnospiraceae;D_5__Anaerostipes","P",0.06,NA,NA,NA,NA,NA,NA,0.00559247643613555,0.00281636900734076,0.0029081081695982,0,0,2.80780569984557e-05,4.01116708917627e-05,0,1.6518277474025e-05,6.73722790020818e-06,0,1.56951376463572e-05,3.67010188202824e-05,0,2.51228928173649e-05,NA,7.16152827013285e-06,6.47588703462657e-06,1.34708255595444e-05,7.11789367290431e-06,0
"Bacillus","Bacteria","Eubacteria","Firmicutes","Bacilli","Bacillales","Bacillaceae","Bacillus","Bacillus cereus; Bacillus subtilis","D_0__Bacteria;D_1__Firmicutes;D_2__Bacilli;D_3__Bacillales;D_4__Bacillaceae;D_5__Bacillus","P",NA,0.1,0.0448,0.05,0.018,0.157,0.135,0.0619152270335367,0.0840612647760205,0.11378321931935,0.00012142163304954,0.000118590802436194,9.8273199494595e-05,0.000184513686102108,0.201828303356977,0.197459488924495,0.000134744558004164,0.000170923255458299,0.000125561101170857,0.000198185501629525,0.200618926012627,0.196017184058687,NA,0.000114584452322126,0.000116565966623278,0.000127972842815672,0.200731719469575,0.19540814903645
"Bacteroides","Bacteria","Eubacteria","Bacteroidetes","Bacteroidia","Bacteroidales","Bacteroidaceae","Bacteroides","Bacteroides caccae; Bacteroides vulgatus","D_0__Bacteria;D_1__Bacteroidetes;D_2__Bacteroidia;D_3__Bacteroidales;D_4__Bacteroidaceae;D_5__Bacteroides","N",0.06,NA,NA,0.05,2e-04,NA,NA,0.0362279256839268,0.0192558439073562,0.0210019200501829,0.000207131021084509,0.000228710833269803,0.064291731012214,0.000617719731733145,0.000240989018933704,0.000181701052214275,0.000208854064906454,0.00013493941220392,0.0624274099883856,0.000756040987697819,0.000186209831879123,0.000418714880289416,NA,0.000128907508862391,0.0643120341408765,0.000437801830685194,0.000242008384878747,0.000104582089968486
"Bifidobacterium","Bacteria","Eubacteria","Actinobacteria","Actinobacteria","Bifidobacteriales","Bifidobacteriaceae","Bifidobacterium","Bifidobacterium adolescentis; Bifidobacterium angulatum","D_0__Bacteria;D_1__Actinobacteria;D_2__Actinobacteria;D_3__Bifidobacteriales;D_4__Bifidobacteriaceae;D_5__Bifidobacterium","P",0.06,0.1,4e-04,0.05,2e-04,NA,NA,0.00848742030257078,0.00931991805229533,0.0062517418991027,0.0660962230729673,0.000660720185001652,0.0375473817211849,8.02233417835253e-05,8.03296729779013e-06,0,0.0681335857548053,0.000755660708341954,0.0381784223247638,0.000117443260224904,0,0,NA,0.000802091166254879,0.0386416179356167,0.000107766604476355,0,0
"Bilophila","Bacteria","Eubacteria","Proteobacteria","Deltaproteobacteria","Desulfovibrionales","Desulfovibrionaceae","Bilophila","Bilophila wadsworthia","D_0__Bacteria;D_1__Proteobacteria;D_2__Deltaproteobacteria;D_3__Desulfovibrionales;D_4__Desulfovibrionaceae;D_5__Bilophila","N",0.02,NA,NA,NA,NA,NA,NA,0.0120435654673649,0.00634908042168534,0.00746514644411527,2.85697960116565e-05,1.69415432051706e-05,7.01951424961393e-06,1.60446683567051e-05,8.03296729779013e-06,1.6518277474025e-05,0,8.9959608135947e-06,2.35427064695357e-05,7.34020376405649e-06,1.77342697027736e-05,3.34971904231533e-05,NA,7.16152827013285e-06,1.94276611038797e-05,0,0,0
"Clostridium","Bacteria","Eubacteria","Firmicutes","Clostridia","Clostridiales","Clostridiaceae","Clostridium","Clostridium beijerinckii","D_0__Bacteria;D_1__Firmicutes;D_2__Clostridia;D_3__Clostridiales;D_4__Clostridiaceae;D_5__Clostridium","P",NA,0.1,0.0045,0.05,0.018,NA,NA,NA,NA,NA,NA,NA,NA,NA,NA,NA,NA,NA,NA,NA,NA,NA,NA,NA,NA,NA,NA,NA
"Lachnoclostridium","Bacteria","Eubacteria","Firmicutes","Clostridia","Clostridiales","Lachnospiraceae","Lachnoclostridium","Clostridium bolteae","D_0__Bacteria;D_1__Firmicutes;D_2__Clostridia;D_3__Clostridiales;D_4__Lachnospiraceae;D_5__Lachnoclostridium","P",0.06,NA,NA,NA,NA,NA,NA,0.0363848423556904,0.0189231063593472,0.0173064531724706,4.28546940174847e-05,5.08246296155117e-05,7.72146567457532e-05,5.61563392484677e-05,5.62307710845309e-05,6.60731098961e-05,3.36861395010409e-05,1.79919216271894e-05,1.56951376463572e-05,9.54226489327344e-05,1.77342697027736e-05,2.51228928173649e-05,NA,0,3.23794351731328e-05,6.73541277977221e-06,2.13536810187129e-05,2.09164179936972e-05
"Collinsella","Bacteria","Eubacteria","Actinobacteria","Coriobacteriia","Coriobacteriales","Coriobacteriaceae","Collinsella","Collinsella aerofaciens","D_0__Bacteria;D_1__Actinobacteria;D_2__Coriobacteriia;D_3__Coriobacteriales;D_4__Coriobacteriaceae;D_5__Collinsella","P",0.06,NA,NA,NA,NA,NA,NA,0.0020945422947376,0.000530140048440614,0.00162915811121665,7.14244900291412e-06,0,0,0,8.03296729779013e-06,0,0,0,0,0,0,2.51228928173649e-05,NA,7.16152827013285e-06,0,0,0,0
"Coprobacillus","Bacteria","Eubacteria","Firmicutes","Erysipelotrichia","Erysipelotrichales","Erysipelotrichidae","Coprobacillus","Coprobacillus cateniformis","D_0__Bacteria;D_1__Firmicutes;D_2__Erysipelotrichi;D_3__Erysipelotrichales;D_4__Erysipelotrichidae;D_5__Coprobacillus","P",0.04,NA,NA,NA,NA,NA,NA,NA,NA,NA,NA,NA,NA,NA,NA,NA,NA,NA,NA,NA,NA,NA,NA,NA,NA,NA,NA,NA
"Cryptococcus","Bacteria","Fungi","Basidiomycota","Tremellomycetes","Tremellales","Tremellaceae","Cryptococcus","Cryptococcus neoformans","D_0__Bacteria;D_1__Basidiomycota;D_2__Tremellomycetes;D_3__Tremellales;D_4__Tremellaceae;D_5__Cryptococcus","Y",NA,NA,NA,NA,NA,0,0.019,NA,NA,NA,NA,NA,NA,NA,NA,NA,NA,NA,NA,NA,NA,NA,NA,NA,NA,NA,NA,NA
"Deinococcus","Bacteria","Eubacteria","Deinococcus-Thermus","Deinococci","Deinococcales","Deinococcaceae","Deinococcus","Deinococcus radiodurans","D_0__Bacteria;D_1__Deinococcus-Thermus;D_2__Deinococci;D_3__Deinococcales;D_4__Deinococcaceae;D_5__Deinococcus","P",NA,0.1,4e-04,0.05,2e-04,NA,NA,0.00073586326314968,0.00156008642776142,0.000286829333296498,0.0169704588309239,0.000152473888846535,0.00764425101782957,2.40670025350576e-05,0,0,0.0160480768582959,0.00013493941220392,0.0074002574002574,1.4680407528113e-05,0,0,NA,0.000121745980592258,0.00670901896787312,4.04124766786333e-05,0,0
"Enterococcus","Bacteria","Eubacteria","Firmicutes","Bacilli","Lactobacillales","Enterococcaceae; Streptococcaceae","Enterococcus","Enterococcus faecalis; Enterococcus gallinarum","D_0__Bacteria;D_1__Firmicutes;D_2__Bacilli;D_3__Lactobacillales;D_4__Enterococcaceae; Streptococcaceae;D_5__Enterococcus","P; N",0.06,0.1,NA,0.05,2e-04,0.104,0.114,0.0421848537448037,0.0520503259707956,0.0547795273735127,0.0399762870693103,0.000381184722116338,0.023782114277692,0.000240670025350576,0.0942427723376738,0.102652835362328,0.0367987387909371,0.000467789962306924,0.0229070533948583,0.000242226724213864,0.0924664822302618,0.101680721529482,NA,0.000415368639667705,0.0228663571192664,0.000303093575089749,0.0835854254009154,0.101298212343475
"Escherichia-Shigella","Bacteria","Eubacteria","Proteobacteria","Gammaproteobacteria","Enterobacterales","Enterobacteriaceae","Escherichia-Shigella","Escherichia coli","D_0__Bacteria;D_1__Proteobacteria;D_2__Gammaproteobacteria;D_3__Enterobacterales;D_4__Enterobacteriaceae;D_5__Escherichia","N",0.06,0.1,0.0448,0.05,0.18,0.1,0.116,0.108800410008078,0.104317188017715,0.106470019292591,0.0700388549225758,0.071018949116075,0.033890214797136,0.124009241728973,0.0673885626611614,0.0489601744330101,0.0757062299146393,0.0778510448808485,0.035376840254889,0.127359875510144,0.0725952330283039,0.0509408523360103,NA,0.0748164858380778,0.0363167744901858,0.126693114387515,0.062786940088689,0.0513288897565329
"Fusobacterium","Bacteria","Eubacteria","Fusobacteria","Fusobacteriia","Fusobacteriales","Fusobacteriaceae","Fusobacterium","Fusobacterium gonidiaformans; Fusobacterium varium","D_0__Bacteria;D_1__Fusobacteria;D_2__Fusobacteriia;D_3__Fusobacteriales;D_4__Fusobacteriaceae;D_5__Fusobacterium","N",0.12,NA,NA,NA,NA,NA,NA,0.101802432630231,0.0361512579159336,0.049873093593847,0.000135706531055368,6.77661728206822e-05,0.000147409799241892,0.000136379681031993,0.000104428574871272,0.000123887081055188,2.02116837006245e-05,3.59838432543788e-05,3.13902752927143e-05,5.87216301124519e-05,2.66014045541605e-05,5.02457856347299e-05,NA,1.43230565402657e-05,1.29517740692531e-05,2.69416511190888e-05,2.13536810187129e-05,6.9721393312324e-06
"Helicobacter","Bacteria","Eubacteria","Proteobacteria","Epsilonproteobacteria","Campylobacterales","Helicobacteraceae","Helicobacter","Helicobacter pylori","D_0__Bacteria;D_1__Proteobacteria;D_2__Epsilonproteobacteria;D_3__Campylobacterales;D_4__Helicobacteraceae;D_5__Helicobacter","N",NA,NA,NA,0.05,0.0018,NA,NA,0.000963645528613038,0.00190962418857306,0.00134259962714895,7.14244900291412e-06,0,0.0312438579250316,0.000930590764688894,0,0,0,0,0.0311156103839031,0.000917525470507061,0,0,NA,0,0.0312008237328308,0.000929486963608565,0,0
"Lactobacillus","Bacteria","Eubacteria","Firmicutes","Bacilli","Lactobacillales","Lactobacillaceae ","Lactobacillus","Lactobacillus fermentum; Lactobacillus gasseri; Lactobacillus iners","D_0__Bacteria;D_1__Firmicutes;D_2__Bacilli;D_3__Lactobacillales;D_4__Lactobacillaceae ;D_5__Lactobacillus","P",0.04,0.1,0.0045,0.05,0.0018,0.188,0.12,0.0931245610445926,0.10504193053112,0.115642328425816,0.0575109993714645,0.00745427901027505,0.0382703916888951,0.147996020922248,0.0757187497489698,0.111267117065032,0.0548140861960938,0.00805138492816725,0.038672819160624,0.146070054904724,0.077250478825282,0.11244169395292,NA,0.00738353564650696,0.0376702348804227,0.145821686682068,0.0804677879721833,0.112383913880135
"Listeria","Bacteria","Eubacteria","Firmicutes","Bacilli","Bacillales","Listeriaceae","Listeria","Listeria monocytogenes","D_0__Bacteria;D_1__Firmicutes;D_2__Bacilli;D_3__Bacillales;D_4__Listeriaceae;D_5__Listeria","P",NA,NA,NA,NA,NA,0.159,0.125,0.0436209365647482,0.0693270114754787,0.0645076191242307,0.000128564082052454,0.000127061574038779,0.000112312227993823,8.02233417835253e-05,0.165326499955819,0.15760914451841,8.08467348024982e-05,8.9959608135947e-05,8.63232570549644e-05,0.000154144279045186,0.163687309356601,0.15743679498882,NA,6.44537544311956e-05,5.18070962770125e-05,7.40895405774943e-05,0.152109387789965,0.152752600607971
"Neisseria","Bacteria","Eubacteria","Proteobacteria","Betaproteobacteria","Neisseriales","Neisseriaceae","Neisseria","Neisseria meningitidis","D_0__Bacteria;D_1__Proteobacteria;D_2__Betaproteobacteria;D_3__Neisseriales;D_4__Neisseriaceae;D_5__Neisseria","N",NA,NA,NA,0.05,0.0018,NA,NA,0.000798925205162221,0.00169775483822795,0.00132797376879389,0,0,0.0259722027235715,0.000681898405159965,0,0,0,0,0.0277254606522899,0.000763381191461875,8.86713485138682e-06,0,NA,0,0.0309353123644111,0.000835191184691754,0,0
"Paenibacillus","Bacteria","Eubacteria","Firmicutes","Bacilli","Bacillales","Paenibacillaceae ","Paenibacillus","Paenibacillus barengoltzii","D_0__Bacteria;D_1__Firmicutes;D_2__Bacilli;D_3__Bacillales;D_4__Paenibacillaceae ;D_5__Paenibacillus","P",0.04,NA,NA,NA,NA,NA,NA,0.0198902426935675,0.0102210628001288,0.0103656708353071,1.42848980058282e-05,0,2.10585427488418e-05,8.02233417835253e-06,4.01648364889507e-05,8.2591387370125e-06,2.02116837006245e-05,1.79919216271894e-05,7.84756882317858e-06,2.20206112921695e-05,8.86713485138682e-06,1.67485952115766e-05,NA,7.16152827013285e-06,6.47588703462657e-06,1.34708255595444e-05,0,1.39442786624648e-05
"Parabacteroides","Bacteria","Eubacteria","Bacteroidetes","Bacteroidia","Bacteroidales","Porphyromonadaceae","Parabacteroides","Parabacteroides merdae","D_0__Bacteria;D_1__Bacteroidetes;D_2__Bacteroidia;D_3__Bacteroidales;D_4__Porphyromonadaceae;D_5__Parabacteroides","N",0.06,NA,NA,NA,NA,NA,NA,0.0491897911363171,0.0230848924086372,0.0219496215017452,7.14244900291412e-06,3.38830864103411e-05,4.21170854976836e-05,0.000112312678496935,4.81978037867408e-05,3.303655494805e-05,3.36861395010409e-05,1.79919216271894e-05,7.84756882317858e-05,0.000102762852696791,1.77342697027736e-05,5.86200832405182e-05,NA,1.43230565402657e-05,6.47588703462657e-06,3.3677063898861e-05,1.42357873458086e-05,1.39442786624648e-05
"Pediococcus","Bacteria","Eubacteria","Firmicutes","Bacilli","Lactobacillales","Lactobacillaceae ","Pediococcus","Pediococcus acidilactici","D_0__Bacteria;D_1__Firmicutes;D_2__Bacilli;D_3__Lactobacillales;D_4__Lactobacillaceae ;D_5__Pediococcus","P",0.04,NA,NA,NA,NA,NA,NA,0.0111311709484811,0.00500553007004755,0.00921645755751957,1.42848980058282e-05,8.47077160258528e-06,2.10585427488418e-05,8.02233417835253e-06,1.60659345955803e-05,1.6518277474025e-05,2.02116837006245e-05,0,7.84756882317858e-06,2.20206112921695e-05,0,0,NA,7.16152827013285e-06,6.47588703462657e-06,2.69416511190888e-05,7.11789367290431e-06,1.39442786624648e-05
"Porphyromonadaceae","Bacteria","Eubacteria","Bacteroidetes","Bacteroidia","Bacteroidales","Porphyromonadaceae","Porphyromonadaceae","Porphyromonas gingivalis","D_0__Bacteria;D_1__Bacteroidetes;D_2__Bacteroidia;D_3__Bacteroidales;D_4__Porphyromonadaceae;D_5__Porphyromonadaceae","N",NA,NA,NA,0.05,0.18,NA,NA,NA,NA,NA,NA,NA,NA,NA,NA,NA,NA,NA,NA,NA,NA,NA,NA,NA,NA,NA,NA,NA
"Propionibacterium","Bacteria","Eubacteria","Actinobacteria","Actinobacteria","Actinomycetales","Propionibacteriaceae","Propionibacterium","Propionibacterium acnes","D_0__Bacteria;D_1__Actinobacteria;D_2__Actinobacteria;D_3__Actinomycetales;D_4__Propionibacteriaceae;D_5__Propionibacterium","P",0.06,NA,NA,0.05,0.0018,NA,NA,NA,NA,NA,NA,NA,NA,NA,NA,NA,NA,NA,NA,NA,NA,NA,NA,NA,NA,NA,NA,NA
"Pseudomonas","Bacteria","Eubacteria","Proteobacteria","Gammaproteobacteria","Pseudomonadales","Pseudomonadaceae","Pseudomonas","Pseudomonas aeruginosa","D_0__Bacteria;D_1__Proteobacteria;D_2__Gammaproteobacteria;D_3__Pseudomonadales;D_4__Pseudomonadaceae;D_5__Pseudomonas","N",NA,NA,NA,0.05,0.018,0.046,0.121,0.0325216129515309,0.0381224828847832,0.0445890959892375,4.28546940174847e-05,1.69415432051706e-05,0.0105362908886705,0.00267945961556975,0.0435788475905115,0.050199045243562,6.73722790020818e-06,5.39757648815682e-05,0.00998210754308315,0.00233418479696996,0.0449386394268284,0.0516526676325023,NA,7.16152827013285e-06,0.0100635284518097,0.0025931339202123,0.0572421009174965,0.052890648966729
"Pyramidobacter","Bacteria","Eubacteria","Synergistetes","Synergistia","Synergistales","Synergistaceae","Pyramidobacter","Pyramidobacter piscolens","D_0__Bacteria;D_1__Synergistetes;D_2__Synergistia;D_3__Synergistales;D_4__Synergistaceae;D_5__Pyramidobacter","N",0.02,NA,NA,NA,NA,NA,NA,0.00382842933582488,0.000968812271622107,0.00210314426161219,0,8.47077160258528e-06,1.40390284992279e-05,8.02233417835253e-06,0,0,0,0,0,0,0,0,NA,1.43230565402657e-05,0,6.73541277977221e-06,0,0
"Ralstonia","Bacteria","Eubacteria","Proteobacteria","Betaproteobacteria","Burkholderiales","Bukerholderiaceae","Ralstonia","Ralstonia pickettii","D_0__Bacteria;D_1__Proteobacteria;D_2__Betaproteobacteria;D_3__Burkholderiales;D_4__Bukerholderiaceae;D_5__Ralstonia","N",0.06,NA,NA,NA,NA,NA,NA,0.0238043012884462,0.0189114395449009,0.0118079429786536,7.14244900291412e-06,0,1.40390284992279e-05,1.60446683567051e-05,1.60659345955803e-05,8.2591387370125e-06,0,8.9959608135947e-06,7.84756882317858e-06,1.4680407528113e-05,1.77342697027736e-05,8.37429760578832e-06,NA,0,0,6.73541277977221e-06,0,0
"Rhodobacter","Bacteria","Eubacteria","Proteobacteria","Alphaproteobacteria","Rhodobacterales","Rhodbacteraceae","Rhodobacter","Rhodobacter sphaeroides","D_0__Bacteria;D_1__Proteobacteria;D_2__Alphaproteobacteria;D_3__Rhodobacterales;D_4__Rhodbacteraceae;D_5__Rhodobacter","N",NA,0.1,0.4478,0.05,0.18,NA,NA,0.00214030965733533,0.00447585669418479,0.00295929867384092,0.00438546368778927,0.0655383598892023,0.00341850343956198,0.0104531014343934,0,0,0.00439940981883594,0.0639163015805903,0.00299777129045422,0.0106139346428257,0,8.37429760578832e-06,NA,0.0629068643248469,0.00314728109882851,0.0111201664994039,0,0
"Saccharomyces","Eukaryota","Fungi","Ascomycota","Saccharomycetes","Saccharomycetales","Saccharomycetaceae","Saccharomyces","Saccharomyces cerevisiae","D_0__Eukaryota;D_1__Ascomycota;D_2__Saccharomycetes;D_3__Saccharomycetales;D_4__Saccharomycetaceae;D_5__Saccharomyces","Y",NA,NA,NA,NA,NA,0,0.019,NA,NA,NA,NA,NA,NA,NA,NA,NA,NA,NA,NA,NA,NA,NA,NA,NA,NA,NA,NA,NA
"Salmonella","Bacteria","Eubacteria","Proteobacteria","Gammaproteobacteria","Enterobacterales","Enterobacteriaceae","Salmonella","Salmonella enterica","D_0__Bacteria;D_1__Proteobacteria;D_2__Gammaproteobacteria;D_3__Enterobacterales;D_4__Enterobacteriaceae;D_5__Salmonella","N",NA,NA,NA,NA,NA,0.103,0.102,NA,NA,NA,NA,NA,NA,NA,NA,NA,NA,NA,NA,NA,NA,NA,NA,NA,NA,NA,NA,NA
"Staphylococcus","Bacteria","Eubacteria","Firmicutes","Bacilli","Bacillales","Staphylococcaceae","Staphylococcus","Staphylococcus aureus; Staphylococcus epidermidis","D_0__Bacteria;D_1__Firmicutes;D_2__Bacilli;D_3__Bacillales;D_4__Staphylococcaceae;D_5__Staphylococcus","P",NA,0.1,0.4478,0.1,0.198,0.133,0.13,0.0746801030082023,0.129544574231274,0.106194294777675,0.0879306896748757,0.546932310064124,0.111497964340868,0.201970285274203,0.223862732654815,0.218561588397562,0.0848351737194214,0.54335603314112,0.106099130489374,0.190507648492322,0.222210399375754,0.217832229321766,NA,0.549554194865184,0.108529390813307,0.200748977901111,0.233203550405364,0.223373399894023
"Streptococcus","Bacteria","Eubacteria","Firmicutes","Bacilli","Lactobacillales","Streptococcaceae","Streptococcus","Streptococcus agalactiae; Streptococcus mutans","D_0__Bacteria;D_1__Firmicutes;D_2__Bacilli;D_3__Lactobacillales;D_4__Streptococcaceae;D_5__Streptococcus","P",NA,0.1,NA,0.1,0.198,NA,NA,0.00993615769281874,0.024304774527144,0.010891389188403,0.0852237015027713,0.0081149991952767,0.0942931349150639,0.157462375252704,0,1.6518277474025e-05,0.11813055400225,0.0093288113636977,0.0977493172615124,0.153520361725241,3.54685394055473e-05,1.67485952115766e-05,NA,0.00883732588534393,0.0941270180482972,0.16055203443143,7.11789367290431e-06,6.9721393312324e-06
"Subdoligranulum","Bacteria","Eubacteria","Firmicutes","Clostridia","Clostridiales","Ruminococcaceae","Subdoligranulum","Subdoligranulum variabile","D_0__Bacteria;D_1__Firmicutes;D_2__Clostridia;D_3__Clostridiales;D_4__Ruminococcaceae;D_5__Subdoligranulum","N",0.02,NA,NA,NA,NA,NA,NA,0.00537270873186442,0.00203842582006039,0.00289185721587036,1.42848980058282e-05,8.47077160258528e-06,3.50975712480696e-05,2.40670025350576e-05,8.03296729779013e-06,0,6.73722790020818e-06,4.49798040679735e-05,7.06281194086072e-05,0.00014680407528113,7.09370788110946e-05,0.000376843392260474,NA,2.14845848103985e-05,1.94276611038797e-05,1.34708255595444e-05,7.11789367290431e-06,0
"[Clostridium] innocuum group",NA,NA,NA,NA,NA,NA,NA,NA,NA,NA,NA,NA,NA,NA,NA,NA,NA,2.53091406070397e-06,0,4.87528611835407e-06,0,0,0,0,0,0,0,0,0,0,0,0,NA,0,0,6.73541277977221e-06,0,0
"[Eubacterium] coprostanoligenes group",NA,NA,NA,NA,NA,NA,NA,NA,NA,NA,NA,NA,NA,NA,NA,NA,NA,0.00054013924245524,8.49344091691828e-05,0.000386501849493959,7.14244900291412e-06,0,7.01951424961393e-06,0,0,0,1.34744558004164e-05,0,2.35427064695357e-05,5.87216301124519e-05,3.54685394055473e-05,3.34971904231533e-05,NA,0,6.47588703462657e-06,1.34708255595444e-05,0,6.9721393312324e-06
"[Eubacterium] eligens group",NA,NA,NA,NA,NA,NA,NA,NA,NA,NA,NA,NA,NA,NA,NA,NA,NA,3.94400774459703e-05,1.82002305362535e-05,4.14399320060096e-05,0,0,0,0,0,0,0,0,0,7.34020376405649e-06,0,8.37429760578832e-06,NA,0,0,0,0,0
"[Eubacterium] hallii group",NA,NA,NA,NA,NA,NA,NA,NA,NA,NA,NA,NA,NA,NA,NA,NA,NA,0.000823601617254085,7.84009930792457e-05,0.000529239393070214,7.14244900291412e-06,1.69415432051706e-05,7.01951424961393e-06,8.02233417835253e-06,1.60659345955803e-05,8.2591387370125e-06,2.69489116008327e-05,8.9959608135947e-06,1.56951376463572e-05,2.20206112921695e-05,0,4.18714880289416e-05,NA,7.16152827013285e-06,0,6.73541277977221e-06,1.42357873458086e-05,0
"[Eubacterium] rectale group",NA,NA,NA,NA,NA,NA,NA,NA,NA,NA,NA,NA,NA,NA,NA,NA,NA,0.00240479017667889,0.000359804557524395,0.00150565086288502,7.14244900291412e-06,0,2.80780569984557e-05,3.20893367134101e-05,4.01648364889507e-05,1.6518277474025e-05,7.410950690229e-05,2.69878824407841e-05,0.000125561101170857,8.80824451686779e-05,8.86713485138682e-05,0.000209357440144708,NA,7.16152827013285e-06,5.18070962770125e-05,5.38833022381777e-05,7.11789367290431e-06,2.09164179936972e-05
"[Eubacterium] ventriosum group",NA,NA,NA,NA,NA,NA,NA,NA,NA,NA,NA,NA,NA,NA,NA,NA,NA,4.28146295269089e-05,5.60007093423183e-06,2.70849228797448e-05,0,0,0,0,0,0,0,0,0,0,8.86713485138682e-06,0,NA,0,0,0,0,6.9721393312324e-06
"[Eubacterium] xylanophilum group",NA,NA,NA,NA,NA,NA,NA,NA,NA,NA,NA,NA,NA,NA,NA,NA,NA,8.68947160841698e-05,2.66003369376012e-05,6.41912672249953e-05,0,0,7.01951424961393e-06,0,0,0,0,0,0,0,0,8.37429760578832e-06,NA,0,0,6.73541277977221e-06,0,0
"[Ruminococcus] gauvreauii group",NA,NA,NA,NA,NA,NA,NA,NA,NA,NA,NA,NA,NA,NA,NA,NA,NA,0.000461680906573417,4.48005674738547e-05,0.000254327425840804,7.14244900291412e-06,0,0,0,0,1.6518277474025e-05,0,8.9959608135947e-06,7.84756882317858e-06,1.4680407528113e-05,8.86713485138682e-06,8.37429760578832e-06,NA,7.16152827013285e-06,0,0,0,6.9721393312324e-06
"[Ruminococcus] torques group",NA,NA,NA,NA,NA,NA,NA,NA,NA,NA,NA,NA,NA,NA,NA,NA,NA,0.000156916671763646,3.92004965396228e-05,0.000111048183806954,7.14244900291412e-06,0,7.01951424961393e-06,0,8.03296729779013e-06,0,6.73722790020818e-06,8.9959608135947e-06,0,1.4680407528113e-05,0,8.37429760578832e-06,NA,0,0,6.73541277977221e-06,0,0
"Adlercreutzia",NA,NA,NA,NA,NA,NA,NA,NA,NA,NA,NA,NA,NA,NA,NA,NA,NA,4.89310051736102e-05,7.9334338234951e-06,1.92302952446188e-05,0,0,0,0,0,0,0,0,0,0,0,0,NA,0,0,0,0,0
"Akkermansia",NA,NA,NA,NA,NA,NA,NA,NA,NA,NA,NA,NA,NA,NA,NA,NA,NA,0.00156853398912129,0.00054180686288693,0.00186425524181284,8.57093880349694e-05,3.38830864103411e-05,0.000119331742243437,0.000104290344318583,8.83626402756914e-05,8.2591387370125e-05,8.08467348024982e-05,0.000107951529763136,0.000172646514109929,0.000183505094101412,9.7538483365255e-05,0.000318223309019956,NA,5.01306978909299e-05,5.18070962770125e-05,0.000107766604476355,4.98252557103302e-05,4.88049753186268e-05
"Ambiguous_taxa",NA,NA,NA,NA,NA,NA,NA,NA,NA,NA,NA,NA,NA,NA,NA,NA,NA,0.0248421869628399,0.0523475964028878,0.0211947647010867,0.346315924804297,0.260332223662253,0.198785624034817,0.0810175528671822,6.4263738382321e-05,0.000115627942318175,0.325482217086957,0.258885760293628,0.193952663464859,0.0754059132681523,4.43356742569341e-05,8.37429760578831e-05,NA,0.256275289146704,0.200804305169701,0.0767028807360459,2.84715746916173e-05,4.18328359873944e-05
"Anaerofilum",NA,NA,NA,NA,NA,NA,NA,NA,NA,NA,NA,NA,NA,NA,NA,NA,NA,2.10909505058664e-07,9.33345155705306e-07,5.41698457594897e-07,0,0,0,0,0,0,0,0,0,0,0,0,NA,0,0,0,0,0
"Anaerotruncus",NA,NA,NA,NA,NA,NA,NA,NA,NA,NA,NA,NA,NA,NA,NA,NA,NA,1.18109322832852e-05,6.06674351208449e-06,5.30864488442999e-05,7.14244900291412e-06,0,7.01951424961393e-06,8.02233417835253e-06,0,0,0,0,7.84756882317858e-06,0,8.86713485138682e-06,0,NA,0,6.47588703462657e-06,6.73541277977221e-06,7.11789367290431e-06,0
"Blautia",NA,NA,NA,NA,NA,NA,NA,NA,NA,NA,NA,NA,NA,NA,NA,NA,NA,0.00236556100873798,0.00026740338710957,0.00140597834668755,2.14273470087424e-05,8.47077160258528e-06,4.91365997472975e-05,2.40670025350576e-05,1.60659345955803e-05,1.6518277474025e-05,2.69489116008327e-05,5.39757648815682e-05,7.84756882317858e-05,9.54226489327344e-05,0.000115272753068029,0.000117240166481036,NA,7.16152827013285e-06,3.23794351731328e-05,4.71478894584055e-05,1.42357873458086e-05,6.9721393312324e-06
"Butyricicoccus",NA,NA,NA,NA,NA,NA,NA,NA,NA,NA,NA,NA,NA,NA,NA,NA,NA,0.000238960469231467,7.70009753456877e-05,0.000174697752574354,0,0,0,1.60446683567051e-05,8.03296729779013e-06,0,0,0,2.35427064695357e-05,1.4680407528113e-05,0,0.00010049157126946,NA,0,0,0,0,6.9721393312324e-06
"Candidatus Stoquefichus",NA,NA,NA,NA,NA,NA,NA,NA,NA,NA,NA,NA,NA,NA,NA,NA,NA,0.0120344963586474,0.00597994241260389,0.00639718793496693,1.42848980058282e-05,8.47077160258528e-06,0,8.02233417835253e-06,8.03296729779013e-06,1.6518277474025e-05,1.34744558004164e-05,8.9959608135947e-06,0,1.4680407528113e-05,0,0,NA,0,6.47588703462657e-06,0,7.11789367290431e-06,6.9721393312324e-06
"Carnobacterium",NA,NA,NA,NA,NA,NA,NA,NA,NA,NA,NA,NA,NA,NA,NA,NA,NA,0.000248029577948989,0.000346737725344521,0.000294683960931624,0,0,0,0,0.000947890141139235,0.000768099902542163,0,0,0,0,0.00111725899127474,0.000929547034242503,NA,0,6.47588703462657e-06,0,0.000740260941982049,0.00108068159634102
"Christensenellaceae R-7 group",NA,NA,NA,NA,NA,NA,NA,NA,NA,NA,NA,NA,NA,NA,NA,NA,NA,8.49965305386418e-05,1.40001773355796e-05,8.74843009015758e-05,1.42848980058282e-05,0,0,0,8.03296729779013e-06,0,0,0,0,7.34020376405649e-06,0,1.67485952115766e-05,NA,7.16152827013285e-06,0,6.73541277977221e-06,0,0
"Clostridium sensu stricto 1",NA,NA,NA,NA,NA,NA,NA,NA,NA,NA,NA,NA,NA,NA,NA,NA,NA,0.0131864840752778,0.0310402598432913,0.010852657748685,0.205995371693046,0.0232692095923018,0.162887828162291,0.0609135834162308,8.03296729779013e-06,8.2591387370125e-06,0.198586529586536,0.024127166902061,0.1715870923188,0.0913268152323908,1.77342697027736e-05,3.34971904231533e-05,NA,0.0248791492104415,0.16638496558066,0.0728771662771353,7.11789367290431e-06,0
"Coprococcus 1",NA,NA,NA,NA,NA,NA,NA,NA,NA,NA,NA,NA,NA,NA,NA,NA,NA,9.9338376882631e-05,1.26001596020216e-05,6.25661718522106e-05,0,0,0,0,0,0,0,8.9959608135947e-06,0,0,0,8.37429760578832e-06,NA,0,0,0,0,0
"Coprococcus 2",NA,NA,NA,NA,NA,NA,NA,NA,NA,NA,NA,NA,NA,NA,NA,NA,NA,0.000806096128334216,0.000231469598614916,0.000798734375723675,1.42848980058282e-05,8.47077160258528e-06,2.80780569984557e-05,3.20893367134101e-05,1.60659345955803e-05,1.6518277474025e-05,2.69489116008327e-05,8.9959608135947e-06,6.27805505854286e-05,0.00012478346398896,5.32028091083209e-05,0.000142363059298401,NA,1.43230565402657e-05,2.59035481385063e-05,2.02062383393166e-05,0,2.78885573249296e-05
"Coprococcus 3",NA,NA,NA,NA,NA,NA,NA,NA,NA,NA,NA,NA,NA,NA,NA,NA,NA,6.87564986491246e-05,1.16668144463163e-05,5.2544750386705e-05,0,0,0,0,0,0,0,8.9959608135947e-06,0,7.34020376405649e-06,0,0,NA,0,0,0,0,0
"Defluviitaleaceae UCG-011",NA,NA,NA,NA,NA,NA,NA,NA,NA,NA,NA,NA,NA,NA,NA,NA,NA,1.26545703035199e-06,9.33345155705306e-07,4.06273843196173e-06,0,0,0,0,0,0,0,0,0,0,0,0,NA,0,0,0,0,0
"Dialister",NA,NA,NA,NA,NA,NA,NA,NA,NA,NA,NA,NA,NA,NA,NA,NA,NA,0.00012633479353014,6.5800833477224e-05,8.53175070711962e-05,7.14244900291412e-06,0,7.01951424961393e-06,0,8.03296729779013e-06,0,1.34744558004164e-05,8.9959608135947e-06,0,2.20206112921695e-05,8.86713485138682e-06,3.34971904231533e-05,NA,7.16152827013285e-06,0,6.73541277977221e-06,0,0
"Dorea",NA,NA,NA,NA,NA,NA,NA,NA,NA,NA,NA,NA,NA,NA,NA,NA,NA,0.00047539002440223,6.20674528544028e-05,0.000264077998077512,0,8.47077160258528e-06,0,1.60446683567051e-05,0,0,1.34744558004164e-05,3.59838432543788e-05,1.56951376463572e-05,7.34020376405649e-06,8.86713485138682e-06,8.37429760578831e-05,NA,1.43230565402657e-05,0,0,0,0
"Eisenbergiella",NA,NA,NA,NA,NA,NA,NA,NA,NA,NA,NA,NA,NA,NA,NA,NA,NA,1.11782037681092e-05,9.33345155705306e-06,4.55026704379713e-05,0,0,7.01951424961393e-06,8.02233417835253e-06,0,0,1.34744558004164e-05,0,0,7.34020376405649e-06,0,0,NA,0,0,0,0,0
"Enterobacter",NA,NA,NA,NA,NA,NA,NA,NA,NA,NA,NA,NA,NA,NA,NA,NA,NA,0.00967526263506117,0.00490006206745285,0.00700903634282037,0.00453545511685047,0.00459115820860122,0.00233749824512144,0.00762121746943491,0.00598456063685365,0.00512066601694775,0.00213570124436599,0.00229397000746665,0.000910317983488715,0.0033911741389941,0.00349365113144641,0.0028640097811796,NA,0.00303648798653633,0.00148297813092948,0.00501114710815052,0.00375824785929348,0.00403686867278356
"Erwinia",NA,NA,NA,NA,NA,NA,NA,NA,NA,NA,NA,NA,NA,NA,NA,NA,NA,0.000978831012977262,0.000579607341692995,0.000877280652074935,3.57122450145706e-05,8.47077160258528e-06,4.91365997472975e-05,0.000104290344318583,0.000843461566267964,0.000776359041279175,6.73722790020818e-06,8.9959608135947e-06,0,6.60618338765084e-05,0.000478825281974888,0.000510832153953087,NA,2.86461130805314e-05,6.47588703462657e-06,4.71478894584055e-05,0.000448427301392972,0.000585659703823521
"Erysipelatoclostridium",NA,NA,NA,NA,NA,NA,NA,NA,NA,NA,NA,NA,NA,NA,NA,NA,NA,2.38327740716291e-05,1.86669031141061e-06,2.95225659389219e-05,0,0,0,0,0,0,0,0,0,0,0,0,NA,0,0,6.73541277977221e-06,7.11789367290431e-06,0
"Erysipelotrichaceae UCG-003",NA,NA,NA,NA,NA,NA,NA,NA,NA,NA,NA,NA,NA,NA,NA,NA,NA,0.000243600478342757,4.62005852074126e-05,0.000173614355659164,7.14244900291412e-06,1.69415432051706e-05,0,0,0,0,6.73722790020818e-06,1.79919216271894e-05,1.56951376463572e-05,7.34020376405649e-06,8.86713485138682e-06,4.18714880289416e-05,NA,0,0,0,0,0
"Faecalibacterium",NA,NA,NA,NA,NA,NA,NA,NA,NA,NA,NA,NA,NA,NA,NA,NA,NA,0.00334481384072536,0.000950145368508001,0.00271065908180486,1.42848980058282e-05,8.47077160258528e-06,1.40390284992279e-05,4.01116708917627e-05,2.40989018933704e-05,3.303655494805e-05,6.06350511018736e-05,8.09636473223523e-05,6.27805505854286e-05,9.54226489327344e-05,4.43356742569341e-05,0.00054432934437624,NA,5.01306978909299e-05,3.23794351731328e-05,3.3677063898861e-05,2.13536810187129e-05,4.88049753186268e-05
"Family XIII AD3011 group",NA,NA,NA,NA,NA,NA,NA,NA,NA,NA,NA,NA,NA,NA,NA,NA,NA,4.55564530926715e-05,3.73338062282122e-06,4.41484242939841e-05,0,0,0,0,0,0,6.73722790020818e-06,0,7.84756882317858e-06,7.34020376405649e-06,8.86713485138682e-06,0,NA,0,0,6.73541277977221e-06,0,0
"Flavonifractor",NA,NA,NA,NA,NA,NA,NA,NA,NA,NA,NA,NA,NA,NA,NA,NA,NA,9.4909277276399e-06,1.40001773355796e-06,7.04207994873366e-06,0,0,0,8.02233417835253e-06,0,0,0,0,0,0,0,0,NA,0,0,0,0,0
"Fusicatenibacter",NA,NA,NA,NA,NA,NA,NA,NA,NA,NA,NA,NA,NA,NA,NA,NA,NA,0.000412960810904865,8.35343914356249e-05,0.000274641118000613,2.14273470087424e-05,0,0,1.60446683567051e-05,8.03296729779013e-06,2.47774162110375e-05,1.34744558004164e-05,1.79919216271894e-05,3.92378441158929e-05,2.9360815056226e-05,5.32028091083209e-05,4.18714880289416e-05,NA,1.43230565402657e-05,6.47588703462657e-06,0,0,0
"Gordonibacter",NA,NA,NA,NA,NA,NA,NA,NA,NA,NA,NA,NA,NA,NA,NA,NA,NA,1.01236562428159e-05,9.33345155705306e-07,3.52103997436683e-06,0,0,0,0,0,0,0,0,7.84756882317858e-06,0,0,0,NA,0,0,0,0,0
"Gossypium arboreum",NA,NA,NA,NA,NA,NA,NA,NA,NA,NA,NA,NA,NA,NA,NA,NA,NA,1.56073033743412e-05,1.86669031141061e-05,2.16679383037959e-06,0,0,7.01951424961393e-06,0,0,0,0,0,0,0,0,0,NA,0,0,0,0,0
"Holdemania",NA,NA,NA,NA,NA,NA,NA,NA,NA,NA,NA,NA,NA,NA,NA,NA,NA,1.68727604046932e-05,7.9334338234951e-06,1.59801044990495e-05,0,0,0,0,0,8.2591387370125e-06,0,0,0,0,0,0,NA,0,0,0,0,0
"Hungatella",NA,NA,NA,NA,NA,NA,NA,NA,NA,NA,NA,NA,NA,NA,NA,NA,NA,7.80365168717058e-06,4.20005320067388e-06,1.5709255270252e-05,0,0,0,0,0,0,0,0,7.84756882317858e-06,0,0,0,NA,0,6.47588703462657e-06,0,0,6.9721393312324e-06
"Intestinibacter",NA,NA,NA,NA,NA,NA,NA,NA,NA,NA,NA,NA,NA,NA,NA,NA,NA,0.000146160287005654,2.24002837369273e-05,0.000113214977637333,1.42848980058282e-05,8.47077160258528e-06,0,2.40670025350576e-05,0,0,0,0,1.56951376463572e-05,7.34020376405649e-06,0,0,NA,0,0,6.73541277977221e-06,0,0
"Intestinimonas",NA,NA,NA,NA,NA,NA,NA,NA,NA,NA,NA,NA,NA,NA,NA,NA,NA,3.79637109105596e-06,9.33345155705306e-07,4.60443688955662e-06,0,0,0,0,0,0,0,0,0,0,0,0,NA,0,0,0,0,0
"Kluyvera",NA,NA,NA,NA,NA,NA,NA,NA,NA,NA,NA,NA,NA,NA,NA,NA,NA,0.000862830785194996,0.00103461310509933,0.00102299753716796,0,0,0,8.02233417835253e-06,0.00226529677797682,0.001982193296883,0,0,0,0,0.00192416826275094,0.00180884828285028,NA,0,0,0,0.00165846922578671,0.00232869453663162
"Lachnospira",NA,NA,NA,NA,NA,NA,NA,NA,NA,NA,NA,NA,NA,NA,NA,NA,NA,0.000202262215351259,8.8667789792004e-05,0.000195823992420555,0,0,0,1.60446683567051e-05,0,0,2.02116837006245e-05,1.79919216271894e-05,2.35427064695357e-05,4.40412225843389e-05,2.66014045541605e-05,2.51228928173649e-05,NA,0,1.29517740692531e-05,1.34708255595444e-05,1.42357873458086e-05,0
"Lachnospiraceae FCS020 group",NA,NA,NA,NA,NA,NA,NA,NA,NA,NA,NA,NA,NA,NA,NA,NA,NA,5.42037428000768e-05,2.80003546711592e-06,3.30436059132887e-05,0,0,7.01951424961393e-06,0,0,0,0,0,0,0,0,0,NA,0,6.47588703462657e-06,0,0,0
"Lachnospiraceae ND3007 group",NA,NA,NA,NA,NA,NA,NA,NA,NA,NA,NA,NA,NA,NA,NA,NA,NA,0.000156916671763646,3.31337530275384e-05,0.000110506485349359,0,0,0,0,0,0,6.73722790020818e-06,2.69878824407841e-05,0,2.20206112921695e-05,2.66014045541605e-05,1.67485952115766e-05,NA,0,0,0,0,0
"Lachnospiraceae NK4A136 group",NA,NA,NA,NA,NA,NA,NA,NA,NA,NA,NA,NA,NA,NA,NA,NA,NA,0.000173156703653164,0.000129734976643037,0.000336123892937633,7.14244900291412e-06,2.54123148077558e-05,2.80780569984557e-05,3.20893367134101e-05,2.40989018933704e-05,8.2591387370125e-06,6.73722790020818e-06,8.9959608135947e-06,5.49329817622501e-05,5.87216301124519e-05,2.66014045541605e-05,5.86200832405182e-05,NA,1.43230565402657e-05,1.29517740692531e-05,4.04124766786333e-05,7.11789367290431e-06,2.09164179936972e-05
"Lachnospiraceae UCG-001",NA,NA,NA,NA,NA,NA,NA,NA,NA,NA,NA,NA,NA,NA,NA,NA,NA,0.000180538536330217,5.60007093423183e-05,0.000108339691518979,7.14244900291412e-06,0,1.40390284992279e-05,8.02233417835253e-06,0,0,0,0,7.84756882317858e-06,4.40412225843389e-05,0,7.53686784520948e-05,NA,0,0,0,0,6.9721393312324e-06
"Lachnospiraceae UCG-004",NA,NA,NA,NA,NA,NA,NA,NA,NA,NA,NA,NA,NA,NA,NA,NA,NA,4.76655481432582e-05,1.82002305362535e-05,2.97934151677193e-05,0,0,0,0,0,0,6.73722790020818e-06,0,0,7.34020376405649e-06,0,0,NA,0,0,0,7.11789367290431e-06,0
"Lachnospiraceae UCG-008",NA,NA,NA,NA,NA,NA,NA,NA,NA,NA,NA,NA,NA,NA,NA,NA,NA,1.68727604046932e-06,9.33345155705306e-07,1.62509537278469e-06,0,0,0,0,0,0,0,0,0,0,8.86713485138682e-06,0,NA,0,0,0,0,0
"Lactonifactor",NA,NA,NA,NA,NA,NA,NA,NA,NA,NA,NA,NA,NA,NA,NA,NA,NA,1.89818554552798e-06,0,3.79188920316428e-06,0,0,0,0,0,0,0,0,0,0,0,0,NA,0,0,0,0,0
"Marvinbryantia",NA,NA,NA,NA,NA,NA,NA,NA,NA,NA,NA,NA,NA,NA,NA,NA,NA,8.96365396499324e-05,9.80012413490571e-06,5.7961734962654e-05,0,0,0,0,0,0,0,0,0,0,0,0,NA,0,0,0,0,0
"Odoribacter",NA,NA,NA,NA,NA,NA,NA,NA,NA,NA,NA,NA,NA,NA,NA,NA,NA,1.13891132731679e-05,3.26670804496857e-06,7.854627635126e-06,0,0,0,0,0,0,0,0,0,0,0,0,NA,0,0,0,0,0
"Oryza sativa Indica Group (long-grained rice)",NA,NA,NA,NA,NA,NA,NA,NA,NA,NA,NA,NA,NA,NA,NA,NA,NA,2.32000455564531e-06,1.86669031141061e-06,2.70849228797448e-07,0,0,0,0,0,0,0,0,0,0,0,0,NA,0,0,0,0,0
"Other",NA,NA,NA,NA,NA,NA,NA,NA,NA,NA,NA,NA,NA,NA,NA,NA,NA,0.000928001822258124,0.00151808589575468,0.000891093962743605,0.00486400777098451,0.000330360092500826,0.00255510318685947,0.00340949202579983,0.000963956075734816,0.0012553890880259,0.00644078987259902,0.00044080207986614,0.00265247826223436,0.00345723597287061,0.00133007022770802,0.00122264745044509,NA,0.000315107243885845,0.00201400086776886,0.0025931339202123,0.000875500921767231,0.0014850656775525
"Oxalobacter",NA,NA,NA,NA,NA,NA,NA,NA,NA,NA,NA,NA,NA,NA,NA,NA,NA,2.08800410008078e-05,6.53341608993714e-06,9.47972300791069e-06,0,0,0,8.02233417835253e-06,0,0,0,0,0,7.34020376405649e-06,0,8.37429760578832e-06,NA,0,0,0,7.11789367290431e-06,0
"Parasutterella",NA,NA,NA,NA,NA,NA,NA,NA,NA,NA,NA,NA,NA,NA,NA,NA,NA,5.90546614164261e-06,0,9.75057223670814e-06,0,0,0,0,0,0,0,0,0,0,0,0,NA,0,0,0,0,0
"Phascolarctobacterium",NA,NA,NA,NA,NA,NA,NA,NA,NA,NA,NA,NA,NA,NA,NA,NA,NA,0.000111149309165916,3.54671159168016e-05,4.87528611835407e-05,0,0,7.01951424961393e-06,8.02233417835253e-06,8.03296729779013e-06,8.2591387370125e-06,6.73722790020818e-06,0,1.56951376463572e-05,1.4680407528113e-05,8.86713485138682e-06,3.34971904231533e-05,NA,7.16152827013285e-06,0,0,0,0
"Porphyromonas",NA,NA,NA,NA,NA,NA,NA,NA,NA,NA,NA,NA,NA,NA,NA,NA,NA,0.00634183790760898,0.0141971131634334,0.00907453256162971,0,0,0.0549417380317282,0.178360555787312,0,0,0,8.9959608135947e-06,0.0528455284552846,0.17383804574415,0,0,NA,7.16152827013285e-06,0.0495664393630318,0.174022859990975,0,0
"Raoultella",NA,NA,NA,NA,NA,NA,NA,NA,NA,NA,NA,NA,NA,NA,NA,NA,NA,0.0956073877381432,0.0920133655026297,0.112320633483844,0.00012142163304954,0.00016094466044912,0.000175487856240348,0.000489362384879505,0.104677596857503,0.0927914237103355,8.75839627027063e-05,4.49798040679735e-05,6.27805505854286e-05,0.000256907131741977,0.105926792934667,0.0918157989498631,NA,0.000107422924051993,9.71383055193985e-05,0.000222268621732483,0.112327480052103,0.0912374152885071
"Roseburia",NA,NA,NA,NA,NA,NA,NA,NA,NA,NA,NA,NA,NA,NA,NA,NA,NA,0.0011500895310849,0.000376138097749238,0.000693915724179063,7.14244900291412e-06,0,2.80780569984557e-05,4.81340050701152e-05,1.60659345955803e-05,3.303655494805e-05,4.71605953014573e-05,5.39757648815682e-05,8.63232570549644e-05,0.000110103056460847,4.43356742569341e-05,0.00020098314253892,NA,7.16152827013285e-06,1.29517740692531e-05,4.04124766786333e-05,1.42357873458086e-05,0
"Ruminiclostridium",NA,NA,NA,NA,NA,NA,NA,NA,NA,NA,NA,NA,NA,NA,NA,NA,NA,1.05454752529332e-05,5.13339835637918e-06,8.9380245503158e-06,0,0,0,0,8.03296729779013e-06,0,0,0,0,0,0,8.37429760578832e-06,NA,0,6.47588703462657e-06,0,0,0
"Ruminiclostridium 5",NA,NA,NA,NA,NA,NA,NA,NA,NA,NA,NA,NA,NA,NA,NA,NA,NA,0.000240647745271936,4.76006029409706e-05,0.000186344269412645,0,8.47077160258528e-06,1.40390284992279e-05,0,0,1.6518277474025e-05,6.73722790020818e-06,8.9959608135947e-06,1.56951376463572e-05,3.67010188202824e-05,8.86713485138682e-06,5.02457856347299e-05,NA,0,0,1.34708255595444e-05,7.11789367290431e-06,0
"Ruminiclostridium 9",NA,NA,NA,NA,NA,NA,NA,NA,NA,NA,NA,NA,NA,NA,NA,NA,NA,9.28001822258124e-06,1.86669031141061e-06,6.77123071993621e-06,0,0,0,0,0,0,0,0,0,0,0,0,NA,0,0,0,0,6.9721393312324e-06
"Ruminococcaceae NK4A214 group",NA,NA,NA,NA,NA,NA,NA,NA,NA,NA,NA,NA,NA,NA,NA,NA,NA,0.000387440760792767,0.000167535455449102,0.000348853806691114,7.14244900291412e-06,8.47077160258528e-06,2.10585427488418e-05,3.20893367134101e-05,1.60659345955803e-05,0,2.69489116008327e-05,4.49798040679735e-05,3.13902752927143e-05,8.80824451686779e-05,7.09370788110946e-05,0.000125614464086825,NA,1.43230565402657e-05,6.47588703462657e-06,1.34708255595444e-05,0,1.39442786624648e-05
"Ruminococcaceae UCG-002",NA,NA,NA,NA,NA,NA,NA,NA,NA,NA,NA,NA,NA,NA,NA,NA,NA,0.000670059497571377,0.000261803316175338,0.000508925700910405,2.85697960116565e-05,1.69415432051706e-05,7.01951424961393e-05,4.81340050701152e-05,1.60659345955803e-05,4.12956936850625e-05,6.73722790020818e-05,1.79919216271894e-05,0.000133408669994036,0.000117443260224904,7.09370788110946e-05,0.000192608844933131,NA,1.43230565402657e-05,1.29517740692531e-05,2.69416511190888e-05,3.55894683645216e-05,2.78885573249296e-05
"Ruminococcaceae UCG-003",NA,NA,NA,NA,NA,NA,NA,NA,NA,NA,NA,NA,NA,NA,NA,NA,NA,0.000143207553934833,2.89336998268645e-05,6.85248548857544e-05,0,8.47077160258528e-06,7.01951424961393e-06,0,0,1.6518277474025e-05,6.73722790020818e-06,0,4.70854129390715e-05,7.34020376405649e-06,8.86713485138682e-06,2.51228928173649e-05,NA,7.16152827013285e-06,6.47588703462657e-06,2.02062383393166e-05,0,0
"Ruminococcaceae UCG-004",NA,NA,NA,NA,NA,NA,NA,NA,NA,NA,NA,NA,NA,NA,NA,NA,NA,0.000112414766196268,1.12001418684637e-05,7.0691648716134e-05,0,0,0,0,0,0,0,0,0,7.34020376405649e-06,8.86713485138682e-06,8.37429760578832e-06,NA,7.16152827013285e-06,0,6.73541277977221e-06,0,0
"Ruminococcaceae UCG-005",NA,NA,NA,NA,NA,NA,NA,NA,NA,NA,NA,NA,NA,NA,NA,NA,NA,0.000205004038917022,9.33345155705306e-05,0.000458818593582878,3.57122450145706e-05,3.38830864103411e-05,2.10585427488418e-05,3.20893367134101e-05,1.60659345955803e-05,4.9554832422075e-05,2.69489116008327e-05,3.59838432543788e-05,6.27805505854286e-05,3.67010188202824e-05,3.54685394055473e-05,2.51228928173649e-05,NA,1.43230565402657e-05,1.94276611038797e-05,2.02062383393166e-05,7.11789367290431e-06,1.39442786624648e-05
"Ruminococcaceae UCG-013",NA,NA,NA,NA,NA,NA,NA,NA,NA,NA,NA,NA,NA,NA,NA,NA,NA,0.000183069450390921,3.31337530275384e-05,8.47758086136013e-05,7.14244900291412e-06,0,0,1.60446683567051e-05,0,0,0,0,7.84756882317858e-06,2.20206112921695e-05,0,3.34971904231533e-05,NA,0,0,0,0,0
"Ruminococcaceae UCG-014",NA,NA,NA,NA,NA,NA,NA,NA,NA,NA,NA,NA,NA,NA,NA,NA,NA,0.000196778568219734,8.16677011242142e-05,0.000137049709771509,1.42848980058282e-05,8.47077160258528e-06,3.50975712480696e-05,8.02233417835253e-06,2.40989018933704e-05,8.2591387370125e-06,2.69489116008327e-05,8.9959608135947e-06,3.13902752927143e-05,4.40412225843389e-05,2.66014045541605e-05,5.86200832405182e-05,NA,0,6.47588703462657e-06,0,0,6.9721393312324e-06
"Ruminococcus 1",NA,NA,NA,NA,NA,NA,NA,NA,NA,NA,NA,NA,NA,NA,NA,NA,NA,0.00162168318439607,0.00054180686288693,0.0017943761407831,4.28546940174847e-05,2.54123148077558e-05,7.72146567457532e-05,5.61563392484677e-05,4.81978037867408e-05,2.47774162110375e-05,9.43211906029145e-05,9.89555689495417e-05,0.00016479894528675,0.000264247335506034,8.86713485138682e-05,0.000159111654509978,NA,2.14845848103985e-05,3.23794351731328e-05,4.71478894584055e-05,0.000121004192439373,4.18328359873944e-05
"Ruminococcus 2",NA,NA,NA,NA,NA,NA,NA,NA,NA,NA,NA,NA,NA,NA,NA,NA,NA,0.00303751869185489,0.00051007312759295,0.00298394595366149,4.28546940174847e-05,6.77661728206822e-05,9.12536852449811e-05,4.81340050701152e-05,5.62307710845309e-05,8.2591387370125e-05,0.000101058418503123,0.000107951529763136,0.000204036789402643,0.000234886520449808,0.000150741292473576,0.000251228928173649,NA,7.16152827013285e-06,3.88553222077594e-05,0.000114502017256128,6.40610430561388e-05,6.9721393312324e-05
"Sellimonas",NA,NA,NA,NA,NA,NA,NA,NA,NA,NA,NA,NA,NA,NA,NA,NA,NA,2.74182356576264e-06,0,2.16679383037959e-06,0,0,0,0,8.03296729779013e-06,0,0,0,0,0,0,0,NA,0,0,0,0,6.9721393312324e-06
"Serratia",NA,NA,NA,NA,NA,NA,NA,NA,NA,NA,NA,NA,NA,NA,NA,NA,NA,0.017663038320148,0.0130971658974347,0.016428630821938,0.00870664533455231,0.00996162740464029,0.00482240628948477,0.0170394377948208,0.0111899234458217,0.00941541816019426,0.00689218414191297,0.00878905371488202,0.00350786326396082,0.0134105522769312,0.0102149393487976,0.00823193454648991,NA,0.00971103233430014,0.00403447762257235,0.014871791417737,0.00921055441273818,0.00910561396658951
"Succiniclasticum",NA,NA,NA,NA,NA,NA,NA,NA,NA,NA,NA,NA,NA,NA,NA,NA,NA,2.86836926879784e-05,3.26670804496857e-06,4.22524796924019e-05,7.14244900291412e-06,0,0,0,0,1.6518277474025e-05,0,0,0,0,0,0,NA,7.16152827013285e-06,6.47588703462657e-06,2.02062383393166e-05,0,6.9721393312324e-06
"Tyzzerella",NA,NA,NA,NA,NA,NA,NA,NA,NA,NA,NA,NA,NA,NA,NA,NA,NA,2.19345885261011e-05,1.02667967127584e-05,1.11048183806954e-05,0,0,0,8.02233417835253e-06,0,0,0,0,0,0,0,1.67485952115766e-05,NA,0,0,0,0,0
"Tyzzerella 3",NA,NA,NA,NA,NA,NA,NA,NA,NA,NA,NA,NA,NA,NA,NA,NA,NA,4.57673625977302e-05,8.40010640134775e-06,3.81897412604402e-05,0,0,0,0,0,0,0,0,0,0,0,0,NA,0,0,6.73541277977221e-06,7.11789367290431e-06,0
