"","Domain","Kingdom","Phylum","Class","Order","Family","Genus","Species","Naming","Gram","Art.Col","MSA1000","MSA1001","MSA1002","MSA1003","Zymo.Ext","Zymo.Seq","PC04924_OB","PC04925_OB","PC07578_OB","PC04924_MS1000","PC04924_MS1001","PC04924_MS1002","PC04924_MS1003","PC04924_Seq.200","PC04924_Seq2000","PC04925_MS1000","PC04925_MS1001","PC04925_MS1002","PC04925_MS1003","PC04925_Seq.200","PC04925_Seq2000","PC07578_MS1000","PC07578_MS1001","PC07578_MS1002","PC07578_MS1003","PC07578_Seq.200","PC07578_Seq2000"
"Acinetobacter","Bacteria","Eubacteria","Proteobacteria","Gammaproteobacteria","Pseudomonadales","Moraxellaceae","Acinetobacter","Acinetobacter baumannii","D_0__Bacteria;D_1__Proteobacteria;D_2__Gammaproteobacteria;D_3__Pseudomonadales;D_4__Moraxellaceae;D_5__Acinetobacter","N",NA,NA,NA,0.05,0.0018,NA,NA,0.00237176929556235,0.00484161121567487,0.00326555973065503,0,0,0.0769690913185452,0.00237468505236382,0,0,0,0,0.0787866866000472,0.00252642433616912,0,0,NA,0,0.0759078049160329,0.00227573539342535,7.12413085603556e-06,0
"Actinomyces","Bacteria","Eubacteria","Actinobacteria","Actinobacteria","Actinomycetales","Actinomycetaceae","Actinomyces","Actinomyces odontolyticus","D_0__Bacteria;D_1__Actinobacteria;D_2__Actinobacteria;D_3__Actinomycetales;D_4__Actinomycetaceae;D_5__Actinomyces","P",NA,NA,NA,0.05,2e-04,NA,NA,0.000390333905428998,0.00078379978846286,0.000615376107304243,0,0,0.0128926922643846,4.02488991926071e-05,0,0,0,0,0.0131245574002675,5.89253489485508e-05,0,0,NA,0,0.0146325953227607,5.40233921287918e-05,0,0
"Alistipes","Bacteria","Eubacteria","Bacteroidetes","Bacteroidia","Bacteroidales","Rikenellaceae","Alistipes","Alistipes shahii","D_0__Bacteria;D_1__Bacteroidetes;D_2__Bacteroidia;D_3__Bacteroidales;D_4__Rikenellaceae;D_5__Alistipes","N",0.04,NA,NA,NA,NA,NA,NA,0.00328057809105821,0.00155217596749264,0.00224300524750454,5.02415181551315e-05,4.23678546613114e-05,7.74124535525279e-05,7.24480185466928e-05,4.82443091816961e-05,2.48085606073136e-05,4.74663158679894e-05,6.2999496004032e-05,0.000118026595326147,0.000139947703752808,7.10315557686502e-05,0.000251536468595672,NA,7.88016419396666e-05,3.89337347833987e-05,6.07763161448907e-05,5.69930468482845e-05,4.18950528925043e-05
"Anaerostipes","Bacteria","Eubacteria","Firmicutes","Clostridia","Clostridiales","Lachnospiraceae","Anaerostipes","Anaerostipes hadrus","D_0__Bacteria;D_1__Firmicutes;D_2__Clostridia;D_3__Clostridiales;D_4__Lachnospiraceae;D_5__Anaerostipes","P",0.06,NA,NA,NA,NA,NA,NA,0.00559767108510292,0.00282065099783742,0.00291070187846945,0,0,2.81499831100101e-05,4.02488991926071e-05,0,1.65390404048757e-05,6.78090226685563e-06,0,1.57368793768196e-05,3.68283430928443e-05,0,2.51536468595672e-05,NA,7.16378563087878e-06,6.48895579723311e-06,1.35058480321979e-05,7.12413085603556e-06,0
"Bacillus","Bacteria","Eubacteria","Firmicutes","Bacilli","Bacillales","Bacillaceae","Bacillus","Bacillus cereus; Bacillus subtilis","D_0__Bacteria;D_1__Firmicutes;D_2__Bacilli;D_3__Bacillales;D_4__Bacillaceae;D_5__Bacillus","P",NA,0.1,0.0448,0.05,0.018,0.157,0.135,0.0619727378471892,0.0841890710173086,0.113884701289118,0.000122015115519605,0.000118629993051672,9.85249408850355e-05,0.000185144936285993,0.202023044698352,0.197707688999884,0.000135618045337113,0.000170998632010944,0.000125895035014557,0.000198873052701359,0.200886118658214,0.196257137347296,NA,0.000114620570094061,0.000116801204350196,0.00012830555630588,0.200907614271059,0.195698774569703
"Bacteroides","Bacteria","Eubacteria","Bacteroidetes","Bacteroidia","Bacteroidales","Bacteroidaceae","Bacteroides","Bacteroides caccae; Bacteroides vulgatus","D_0__Bacteria;D_1__Bacteroidetes;D_2__Bacteroidia;D_3__Bacteroidales;D_4__Bacteroidaceae;D_5__Bacteroides","N",0.06,NA,NA,0.05,2e-04,NA,NA,0.0362615764929902,0.0192851203765978,0.0210206514257614,0.000208143432356973,0.000228786415171081,0.0644564238261457,0.000619833047566149,0.000241221545908481,0.000181929444453633,0.000210207970272524,0.00013499892000864,0.0625934377212999,0.000758663867712592,0.000186457833892707,0.000419227447659453,NA,0.000128948141355818,0.064441820022322,0.000438940061046433,0.000242220449105209,0.000104737632231261
"Bifidobacterium","Bacteria","Eubacteria","Actinobacteria","Actinobacteria","Bifidobacteriales","Bifidobacteriaceae","Bifidobacterium","Bifidobacterium adolescentis; Bifidobacterium angulatum","D_0__Bacteria;D_1__Actinobacteria;D_2__Actinobacteria;D_3__Bifidobacteriales;D_4__Bifidobacteriaceae;D_5__Bifidobacterium","P",0.06,0.1,4e-04,0.05,2e-04,NA,NA,0.00849530396012641,0.00933408799963731,0.00625731775717909,0.0664192870010838,0.000660938532716457,0.0376435649138611,8.04977983852142e-05,8.04071819694935e-06,0,0.068575264624711,0.000755993952048384,0.0382799590841136,0.000117850697897102,0,0,NA,0.000802343990658424,0.03871959924209,0.000108046784257584,0,0
"Bilophila","Bacteria","Eubacteria","Proteobacteria","Deltaproteobacteria","Desulfovibrionales","Desulfovibrionaceae","Bilophila","Bilophila wadsworthia","D_0__Bacteria;D_1__Proteobacteria;D_2__Deltaproteobacteria;D_3__Desulfovibrionales;D_4__Desulfovibrionaceae;D_5__Bilophila","N",0.02,NA,NA,NA,NA,NA,NA,0.0120547522994657,0.00635873352536506,0.00747180452401742,2.87094389457894e-05,1.69471418645245e-05,7.03749577750253e-06,1.60995596770428e-05,8.04071819694935e-06,1.65390404048757e-05,0,8.999928000576e-06,2.36053190652294e-05,7.36566861856885e-06,1.77578889421626e-05,3.35381958127563e-05,NA,7.16378563087878e-06,1.94668673916993e-05,0,0,0
"Clostridium","Bacteria","Eubacteria","Firmicutes","Clostridia","Clostridiales","Clostridiaceae","Clostridium","Clostridium beijerinckii","D_0__Bacteria;D_1__Firmicutes;D_2__Clostridia;D_3__Clostridiales;D_4__Clostridiaceae;D_5__Clostridium","P",NA,0.1,0.0045,0.05,0.018,NA,NA,NA,NA,NA,NA,NA,NA,NA,NA,NA,NA,NA,NA,NA,NA,NA,NA,NA,NA,NA,NA,NA
"Lachnoclostridium","Bacteria","Eubacteria","Firmicutes","Clostridia","Clostridiales","Lachnospiraceae","Lachnoclostridium","Clostridium bolteae","D_0__Bacteria;D_1__Firmicutes;D_2__Clostridia;D_3__Clostridiales;D_4__Lachnospiraceae;D_5__Lachnoclostridium","P",0.06,NA,NA,NA,NA,NA,NA,0.0364186389189714,0.0189518769364225,0.0173218886028279,4.30641584186841e-05,5.08414255935736e-05,7.74124535525279e-05,5.63484588696499e-05,5.62850273786455e-05,6.61561616195028e-05,3.39045113342781e-05,1.7999856001152e-05,1.57368793768196e-05,9.57536920413951e-05,1.77578889421626e-05,2.51536468595672e-05,NA,0,3.24447789861655e-05,6.75292401609897e-06,2.13723925681067e-05,2.09475264462521e-05
"Collinsella","Bacteria","Eubacteria","Actinobacteria","Coriobacteriia","Coriobacteriales","Coriobacteriaceae","Collinsella","Collinsella aerofaciens","D_0__Bacteria;D_1__Actinobacteria;D_2__Coriobacteriia;D_3__Coriobacteriales;D_4__Coriobacteriaceae;D_5__Collinsella","P",0.06,NA,NA,NA,NA,NA,NA,0.00209648783927278,0.000530946070181162,0.00163061113895816,7.17735973644735e-06,0,0,0,8.04071819694935e-06,0,0,0,0,0,0,2.51536468595672e-05,NA,7.16378563087878e-06,0,0,0,0
"Coprobacillus","Bacteria","Eubacteria","Firmicutes","Erysipelotrichia","Erysipelotrichales","Erysipelotrichidae","Coprobacillus","Coprobacillus cateniformis","D_0__Bacteria;D_1__Firmicutes;D_2__Erysipelotrichi;D_3__Erysipelotrichales;D_4__Erysipelotrichidae;D_5__Coprobacillus","P",0.04,NA,NA,NA,NA,NA,NA,NA,NA,NA,NA,NA,NA,NA,NA,NA,NA,NA,NA,NA,NA,NA,NA,NA,NA,NA,NA,NA
"Cryptococcus","Bacteria","Fungi","Basidiomycota","Tremellomycetes","Tremellales","Tremellaceae","Cryptococcus","Cryptococcus neoformans","D_0__Bacteria;D_1__Basidiomycota;D_2__Tremellomycetes;D_3__Tremellales;D_4__Tremellaceae;D_5__Cryptococcus","Y",NA,NA,NA,NA,NA,0,0.019,NA,NA,NA,NA,NA,NA,NA,NA,NA,NA,NA,NA,NA,NA,NA,NA,NA,NA,NA,NA,NA
"Deinococcus","Bacteria","Eubacteria","Deinococcus-Thermus","Deinococci","Deinococcales","Deinococcaceae","Deinococcus","Deinococcus radiodurans","D_0__Bacteria;D_1__Deinococcus-Thermus;D_2__Deinococci;D_3__Deinococcales;D_4__Deinococcaceae;D_5__Deinococcus","P",NA,0.1,4e-04,0.05,2e-04,NA,NA,0.000736546779903609,0.00156245837378136,0.000287085153143257,0.0170534067337989,0.000152524276780721,0.00766383290170026,2.41493395155642e-05,0,0,0.0161521091996501,0.00013499892000864,0.00741993862617043,1.47313372371377e-05,0,0,NA,0.000121784355724939,0.0067225582059335,4.05175440965938e-05,0,0
"Enterococcus","Bacteria","Eubacteria","Firmicutes","Bacilli","Lactobacillales","Enterococcaceae; Streptococcaceae","Enterococcus","Enterococcus faecalis; Enterococcus gallinarum","D_0__Bacteria;D_1__Firmicutes;D_2__Bacilli;D_3__Lactobacillales;D_4__Enterococcaceae; Streptococcaceae;D_5__Enterococcus","P; N",0.06,0.1,NA,0.05,2e-04,0.104,0.114,0.0422240377287591,0.0521294629732886,0.0548283846160311,0.0401716824448958,0.000381310691951802,0.0238430356941786,0.000241493395155642,0.0943337058866098,0.1027818665961,0.0370372881815654,0.000467996256029952,0.0229679754504682,0.000243067064412772,0.0925896329444356,0.101805193389622,NA,0.000415499566590969,0.0229125029200301,0.000303881580724454,0.0836586686424256,0.101448870579199
"Escherichia-Shigella","Bacteria","Eubacteria","Proteobacteria","Gammaproteobacteria","Enterobacterales","Enterobacteriaceae","Escherichia-Shigella","Escherichia coli","D_0__Bacteria;D_1__Proteobacteria;D_2__Gammaproteobacteria;D_3__Enterobacterales;D_4__Enterobacteriaceae;D_5__Escherichia","N",0.06,0.1,0.0448,0.05,0.18,0.1,0.116,0.1089014707714,0.104475791242848,0.106564978701752,0.0703811895756027,0.0710424186960869,0.0339770296137822,0.124433496743864,0.0674535849542081,0.0490217157600516,0.0761969987726567,0.0778853769169847,0.0354709261153513,0.127801716200788,0.0726919183847424,0.0510032112822491,NA,0.0748400684857906,0.0363900641108833,0.127022500742822,0.0628419582810897,0.0514052298991027
"Fusobacterium","Bacteria","Eubacteria","Fusobacteria","Fusobacteriia","Fusobacteriales","Fusobacteriaceae","Fusobacterium","Fusobacterium gonidiaformans; Fusobacterium varium","D_0__Bacteria;D_1__Fusobacteria;D_2__Fusobacteriia;D_3__Fusobacteriales;D_4__Fusobacteriaceae;D_5__Fusobacterium","N",0.12,NA,NA,NA,NA,NA,NA,0.101896993225627,0.0362062220709981,0.0499175748434247,0.0001363698349925,6.77885674580982e-05,0.000147787411327553,0.000136846257254864,0.000104529336560342,0.000124042803036568,2.03427068005669e-05,3.5999712002304e-05,3.14737587536392e-05,5.89253489485508e-05,2.66368334132438e-05,5.03072937191344e-05,NA,1.43275712617576e-05,1.29779115944662e-05,2.70116960643959e-05,2.13723925681067e-05,6.98250881541738e-06
"Helicobacter","Bacteria","Eubacteria","Proteobacteria","Epsilonproteobacteria","Campylobacterales","Helicobacteraceae","Helicobacter","Helicobacter pylori","D_0__Bacteria;D_1__Proteobacteria;D_2__Epsilonproteobacteria;D_3__Campylobacterales;D_4__Helicobacteraceae;D_5__Helicobacter","N",NA,NA,NA,0.05,0.0018,NA,NA,0.000964540624069817,0.00191252756970186,0.00134379707661107,7.17735973644735e-06,0,0.0313238937056638,0.000933774461268484,0,0,0,0,0.0311983633645448,0.000920708577321106,0,0,NA,0,0.0312637890310691,0.000931903514221658,0,0
"Lactobacillus","Bacteria","Eubacteria","Firmicutes","Bacilli","Lactobacillales","Lactobacillaceae ","Lactobacillus","Lactobacillus fermentum; Lactobacillus gasseri; Lactobacillus iners","D_0__Bacteria;D_1__Firmicutes;D_2__Bacilli;D_3__Lactobacillales;D_4__Lactobacillaceae ;D_5__Lactobacillus","P",0.04,0.1,0.0045,0.05,0.0018,0.188,0.12,0.0932110610791286,0.105201635650411,0.115745468514024,0.0577921005978741,0.0074567424203908,0.0383684269789438,0.148502338461043,0.0757918097244446,0.111406976167243,0.0551694208431374,0.00805493556051552,0.0387756707844834,0.14657680550952,0.0773533642320601,0.11257933879447,NA,0.00738586298543602,0.037746255872505,0.146200804948543,0.080538299327482,0.112551059595713
"Listeria","Bacteria","Eubacteria","Firmicutes","Bacilli","Bacillales","Listeriaceae","Listeria","Listeria monocytogenes","D_0__Bacteria;D_1__Firmicutes;D_2__Bacilli;D_3__Bacillales;D_4__Listeriaceae;D_5__Listeria","P",NA,NA,NA,NA,NA,0.159,0.125,0.0436614544740625,0.0694324158466837,0.0645651527420427,0.000129192475256052,0.000127103563983934,0.000112599932440041,8.04977983852142e-05,0.165486021211415,0.157807254023122,8.13708272022675e-05,8.999928000576e-05,8.65528365725077e-05,0.000154679040989946,0.16390531493616,0.157629520319954,NA,6.4474070677909e-05,5.19116463778649e-05,7.42821641770887e-05,0.15224267639348,0.152979785636979
"Neisseria","Bacteria","Eubacteria","Proteobacteria","Betaproteobacteria","Neisseriales","Neisseriaceae","Neisseria","Neisseria meningitidis","D_0__Bacteria;D_1__Proteobacteria;D_2__Betaproteobacteria;D_3__Neisseriales;D_4__Neisseriaceae;D_5__Neisseria","N",NA,NA,NA,0.05,0.0018,NA,NA,0.000799667297871846,0.00170033609447101,0.00132915817361793,0,0,0.0260387343767594,0.00068423128627432,0,0,0,0,0.0277991974191518,0.00076602953633116,8.87894447108128e-06,0,NA,0,0.0309977418433826,0.000837362577996272,0,0
"Paenibacillus","Bacteria","Eubacteria","Firmicutes","Bacilli","Bacillales","Paenibacillaceae ","Paenibacillus","Paenibacillus barengoltzii","D_0__Bacteria;D_1__Firmicutes;D_2__Bacilli;D_3__Bacillales;D_4__Paenibacillaceae ;D_5__Paenibacillus","P",0.04,NA,NA,NA,NA,NA,NA,0.019908718020169,0.0102366028425245,0.0103749158601941,1.43547194728947e-05,0,2.11124873325076e-05,8.04977983852142e-06,4.02035909847468e-05,8.26952020243785e-06,2.03427068005669e-05,1.7999856001152e-05,7.86843968840979e-06,2.20970058557066e-05,8.87894447108128e-06,1.67690979063781e-05,NA,7.16378563087878e-06,6.48895579723311e-06,1.35058480321979e-05,0,1.39650176308348e-05
"Parabacteroides","Bacteria","Eubacteria","Bacteroidetes","Bacteroidia","Bacteroidales","Porphyromonadaceae","Parabacteroides","Parabacteroides merdae","D_0__Bacteria;D_1__Bacteroidetes;D_2__Bacteroidia;D_3__Bacteroidales;D_4__Porphyromonadaceae;D_5__Parabacteroides","N",0.06,NA,NA,NA,NA,NA,NA,0.0492354817531038,0.0231199905401862,0.0219691981215577,7.17735973644735e-06,3.38942837290491e-05,4.22249746650152e-05,0.0001126969177393,4.82443091816961e-05,3.30780808097514e-05,3.39045113342781e-05,1.7999856001152e-05,7.86843968840979e-05,0.000103119360659964,1.77578889421626e-05,5.86918426723234e-05,NA,1.43275712617576e-05,6.48895579723311e-06,3.37646200804949e-05,1.42482617120711e-05,1.39650176308348e-05
"Pediococcus","Bacteria","Eubacteria","Firmicutes","Bacilli","Lactobacillales","Lactobacillaceae ","Pediococcus","Pediococcus acidilactici","D_0__Bacteria;D_1__Firmicutes;D_2__Bacilli;D_3__Lactobacillales;D_4__Lactobacillaceae ;D_5__Pediococcus","P",0.04,NA,NA,NA,NA,NA,NA,0.0111415102903333,0.00501314044785488,0.00922467761204793,1.43547194728947e-05,8.47357093226227e-06,2.11124873325076e-05,8.04977983852142e-06,1.60814363938987e-05,1.65390404048757e-05,2.03427068005669e-05,0,7.86843968840979e-06,2.20970058557066e-05,0,0,NA,7.16378563087878e-06,6.48895579723311e-06,2.70116960643959e-05,7.12413085603556e-06,1.39650176308348e-05
"Porphyromonadaceae","Bacteria","Eubacteria","Bacteroidetes","Bacteroidia","Bacteroidales","Porphyromonadaceae","Porphyromonadaceae","Porphyromonas gingivalis","D_0__Bacteria;D_1__Bacteroidetes;D_2__Bacteroidia;D_3__Bacteroidales;D_4__Porphyromonadaceae;D_5__Porphyromonadaceae","N",NA,NA,NA,0.05,0.18,NA,NA,NA,NA,NA,NA,NA,NA,NA,NA,NA,NA,NA,NA,NA,NA,NA,NA,NA,NA,NA,NA,NA
"Propionibacterium","Bacteria","Eubacteria","Actinobacteria","Actinobacteria","Actinomycetales","Propionibacteriaceae","Propionibacterium","Propionibacterium acnes","D_0__Bacteria;D_1__Actinobacteria;D_2__Actinobacteria;D_3__Actinomycetales;D_4__Propionibacteriaceae;D_5__Propionibacterium","P",0.06,NA,NA,0.05,0.0018,NA,NA,NA,NA,NA,NA,NA,NA,NA,NA,NA,NA,NA,NA,NA,NA,NA,NA,NA,NA,NA,NA,NA
"Pseudomonas","Bacteria","Eubacteria","Proteobacteria","Gammaproteobacteria","Pseudomonadales","Pseudomonadaceae","Pseudomonas","Pseudomonas aeruginosa","D_0__Bacteria;D_1__Proteobacteria;D_2__Gammaproteobacteria;D_3__Pseudomonadales;D_4__Pseudomonadaceae;D_5__Pseudomonas","N",NA,NA,NA,0.05,0.018,0.046,0.121,0.0325518211008303,0.0381804440784323,0.0446288645009584,4.30641584186841e-05,1.69471418645245e-05,0.0105632811620313,0.00268862646606615,0.0436208962184502,0.0502621437904173,6.78090226685563e-06,5.3999568003456e-05,0.0100086552836573,0.00234228262070489,0.0449984905794399,0.0517158979432701,NA,7.16378563087878e-06,0.0100838373089003,0.0025998757461981,0.057292260344238,0.0529693118737562
"Pyramidobacter","Bacteria","Eubacteria","Synergistetes","Synergistia","Synergistales","Synergistaceae","Pyramidobacter","Pyramidobacter piscolens","D_0__Bacteria;D_1__Synergistetes;D_2__Synergistia;D_3__Synergistales;D_4__Synergistaceae;D_5__Pyramidobacter","N",0.02,NA,NA,NA,NA,NA,NA,0.00383198542528241,0.000970285247971912,0.00210502003225438,0,8.47357093226227e-06,1.40749915550051e-05,8.04977983852142e-06,0,0,0,0,0,0,0,0,NA,1.43275712617576e-05,0,6.75292401609897e-06,0,0
"Ralstonia","Bacteria","Eubacteria","Proteobacteria","Betaproteobacteria","Burkholderiales","Bukerholderiaceae","Ralstonia","Ralstonia pickettii","D_0__Bacteria;D_1__Proteobacteria;D_2__Betaproteobacteria;D_3__Burkholderiales;D_4__Bukerholderiaceae;D_5__Ralstonia","N",0.06,NA,NA,NA,NA,NA,NA,0.023826412242425,0.0189401923838217,0.0118184743497955,7.17735973644735e-06,0,1.40749915550051e-05,1.60995596770428e-05,1.60814363938987e-05,8.26952020243785e-06,0,8.999928000576e-06,7.86843968840979e-06,1.47313372371377e-05,1.77578889421626e-05,8.38454895318906e-06,NA,0,0,6.75292401609897e-06,0,0
"Rhodobacter","Bacteria","Eubacteria","Proteobacteria","Alphaproteobacteria","Rhodobacterales","Rhodbacteraceae","Rhodobacter","Rhodobacter sphaeroides","D_0__Bacteria;D_1__Proteobacteria;D_2__Alphaproteobacteria;D_3__Rhodobacterales;D_4__Rhodbacteraceae;D_5__Rhodobacter","N",NA,0.1,0.4478,0.05,0.18,NA,NA,0.00214229771351729,0.00448266175977775,0.00296193803894545,0.00440689887817867,0.0655600183029132,0.00342726044364373,0.0104888631295934,0,0,0.00442792918025673,0.0639444884440925,0.00300574396097254,0.0106507568224506,0,8.38454895318906e-06,NA,0.0629266929816392,0.00315363251745529,0.0111490775505794,0,0
"Saccharomyces","Eukaryota","Fungi","Ascomycota","Saccharomycetes","Saccharomycetales","Saccharomycetaceae","Saccharomyces","Saccharomyces cerevisiae","D_0__Eukaryota;D_1__Ascomycota;D_2__Saccharomycetes;D_3__Saccharomycetales;D_4__Saccharomycetaceae;D_5__Saccharomyces","Y",NA,NA,NA,NA,NA,0,0.019,NA,NA,NA,NA,NA,NA,NA,NA,NA,NA,NA,NA,NA,NA,NA,NA,NA,NA,NA,NA,NA
"Salmonella","Bacteria","Eubacteria","Proteobacteria","Gammaproteobacteria","Enterobacterales","Enterobacteriaceae","Salmonella","Salmonella enterica","D_0__Bacteria;D_1__Proteobacteria;D_2__Gammaproteobacteria;D_3__Enterobacterales;D_4__Enterobacteriaceae;D_5__Salmonella","N",NA,NA,NA,NA,NA,0.103,0.102,NA,NA,NA,NA,NA,NA,NA,NA,NA,NA,NA,NA,NA,NA,NA,NA,NA,NA,NA,NA,NA
"Staphylococcus","Bacteria","Eubacteria","Firmicutes","Bacilli","Bacillales","Staphylococcaceae","Staphylococcus","Staphylococcus aureus; Staphylococcus epidermidis","D_0__Bacteria;D_1__Firmicutes;D_2__Bacilli;D_3__Bacillales;D_4__Staphylococcaceae;D_5__Staphylococcus","P",NA,0.1,0.4478,0.1,0.198,0.133,0.13,0.0747494706531813,0.129741533022649,0.106289008271251,0.0883604757154033,0.547113054383378,0.11178358292985,0.202661257214615,0.224078734712585,0.218836313117113,0.0853851213442461,0.54359565123479,0.1063813045873,0.191168563326336,0.222506348445297,0.218098887370354,NA,0.549727417956745,0.10874841020583,0.20127090029983,0.233407899236293,0.223705617428342
"Streptococcus","Bacteria","Eubacteria","Firmicutes","Bacilli","Lactobacillales","Streptococcaceae","Streptococcus","Streptococcus agalactiae; Streptococcus mutans","D_0__Bacteria;D_1__Firmicutes;D_2__Bacilli;D_3__Lactobacillales;D_4__Streptococcaceae;D_5__Streptococcus","P",NA,0.1,NA,0.1,0.198,NA,NA,0.00994538703010574,0.0243417273601277,0.0109011030955587,0.0856402563752898,0.00811768095310726,0.0945346807791915,0.158001078670498,0,1.65390404048757e-05,0.118896340347047,0.00933292533659731,0.0980092847588323,0.154052959157367,3.55157778843251e-05,1.67690979063781e-05,NA,0.00884011146850442,0.0943169725127832,0.160969449771751,7.12413085603556e-06,6.98250881541738e-06
"Subdoligranulum","Bacteria","Eubacteria","Firmicutes","Clostridia","Clostridiales","Ruminococcaceae","Subdoligranulum","Subdoligranulum variabile","D_0__Bacteria;D_1__Firmicutes;D_2__Clostridia;D_3__Clostridiales;D_4__Ruminococcaceae;D_5__Subdoligranulum","N",0.02,NA,NA,NA,NA,NA,NA,0.00537769924656479,0.00204152503041489,0.0028944364306993,1.43547194728947e-05,8.47357093226227e-06,3.51874788875127e-05,2.41493395155642e-05,8.04071819694935e-06,0,6.78090226685563e-06,4.499964000288e-05,7.08159571956881e-05,0.000147313372371377,7.10315557686502e-05,0.000377304702893508,NA,2.14913568926363e-05,1.94668673916993e-05,1.35058480321979e-05,7.12413085603556e-06,0
"Candidatus Stoquefichus",NA,NA,NA,NA,NA,NA,NA,NA,NA,NA,NA,NA,NA,NA,NA,NA,NA,0.0120456747667813,0.00598903428107518,0.00640289351472199,1.43547194728947e-05,8.47357093226227e-06,0,8.04977983852142e-06,8.04071819694935e-06,1.65390404048757e-05,1.35618045337113e-05,8.999928000576e-06,0,1.47313372371377e-05,0,0,NA,0,6.48895579723311e-06,0,7.12413085603556e-06,6.98250881541738e-06
"Carnobacterium",NA,NA,NA,NA,NA,NA,NA,NA,NA,NA,NA,NA,NA,NA,NA,NA,NA,0.000248259963647648,0.000347264903296306,0.000294946786232166,0,0,0,0,0.000948804747240023,0.000769065378826721,0,0,0,0,0.00111874700335624,0.000930684933803986,NA,0,6.48895579723311e-06,0,0.000740909609027699,0.00108228886638969
"Faecalibacterium",NA,NA,NA,NA,NA,NA,NA,NA,NA,NA,NA,NA,NA,NA,NA,NA,NA,0.00334792071725175,0.000951589963810604,0.00271307668806206,1.43547194728947e-05,8.47357093226227e-06,1.40749915550051e-05,4.02488991926071e-05,2.41221545908481e-05,3.30780808097514e-05,6.10281204017007e-05,8.0999352005184e-05,6.29475175072783e-05,9.57536920413951e-05,4.43947223554064e-05,0.000544995681957289,NA,5.01464994161515e-05,3.24447789861655e-05,3.37646200804949e-05,2.13723925681067e-05,4.88775617079217e-05
"Tyzzerella 3",NA,NA,NA,NA,NA,NA,NA,NA,NA,NA,NA,NA,NA,NA,NA,NA,NA,4.58098742445065e-05,8.41287787258883e-06,3.82238022598671e-05,0,0,0,0,0,0,0,0,0,0,0,0,NA,0,0,6.75292401609897e-06,7.12413085603556e-06,0
"Serratia",NA,NA,NA,NA,NA,NA,NA,NA,NA,NA,NA,NA,NA,NA,NA,NA,NA,0.0176794448772105,0.0131170787496781,0.0164432833324433,0.00874920151872932,0.00996491941634043,0.00483475959914424,0.0170977323770195,0.0112007204483504,0.00942725303077915,0.00693686301899331,0.00879292965656275,0.00351719254071918,0.0134570765661253,0.0102285440306856,0.00824201162098485,NA,0.00971409331547163,0.00404261946167623,0.0149104562275465,0.00921862532771002,0.0091191565129351
"Ruminococcaceae UCG-003",NA,NA,NA,NA,NA,NA,NA,NA,NA,NA,NA,NA,NA,NA,NA,NA,NA,0.00014334057424894,2.89776904500282e-05,6.85859714308254e-05,0,8.47357093226227e-06,7.03749577750253e-06,0,0,1.65390404048757e-05,6.78090226685563e-06,0,4.72106381304587e-05,7.36566861856885e-06,8.87894447108128e-06,2.51536468595672e-05,NA,7.16378563087878e-06,6.48895579723311e-06,2.02587720482969e-05,0,0
"Lachnospira",NA,NA,NA,NA,NA,NA,NA,NA,NA,NA,NA,NA,NA,NA,NA,NA,NA,0.000202450089403142,8.88025997662155e-05,0.000195998645630382,0,0,0,1.60995596770428e-05,0,0,2.03427068005669e-05,1.7999856001152e-05,2.36053190652294e-05,4.41940117114131e-05,2.66368334132438e-05,2.51536468595672e-05,NA,0,1.29779115944662e-05,1.35058480321979e-05,1.42482617120711e-05,0
"Akkermansia",NA,NA,NA,NA,NA,NA,NA,NA,NA,NA,NA,NA,NA,NA,NA,NA,NA,0.00156999094357786,0.00054263062278198,0.00186591795003309,8.61283168373682e-05,3.38942837290491e-05,0.000119637428217543,0.000104647137900778,8.84479001664429e-05,8.26952020243785e-05,8.13708272022675e-05,0.000107999136006912,0.000173105673145015,0.000184141715464221,9.76683891818941e-05,0.000318612860221184,NA,5.01464994161515e-05,5.19116463778649e-05,0.000108046784257584,4.98689159922489e-05,4.88775617079217e-05
"Adlercreutzia",NA,NA,NA,NA,NA,NA,NA,NA,NA,NA,NA,NA,NA,NA,NA,NA,NA,4.89764554134816e-05,7.94549576855612e-06,1.92474465280182e-05,0,0,0,0,0,0,0,0,0,0,0,0,NA,0,0,0,0,0
"Ruminococcaceae UCG-014",NA,NA,NA,NA,NA,NA,NA,NA,NA,NA,NA,NA,NA,NA,NA,NA,NA,0.000196961348710251,8.17918682057248e-05,0.000137171942861651,1.43547194728947e-05,8.47357093226227e-06,3.51874788875127e-05,8.04977983852142e-06,2.41221545908481e-05,8.26952020243785e-06,2.71236090674225e-05,8.999928000576e-06,3.14737587536392e-05,4.41940117114131e-05,2.66368334132438e-05,5.86918426723234e-05,NA,0,6.48895579723311e-06,0,0,6.98250881541738e-06
"Erysipelotrichaceae UCG-003",NA,NA,NA,NA,NA,NA,NA,NA,NA,NA,NA,NA,NA,NA,NA,NA,NA,0.000243826750011083,4.62708282992386e-05,0.000173769200344502,7.17735973644735e-06,1.69471418645245e-05,0,0,0,0,6.78090226685563e-06,1.7999856001152e-05,1.57368793768196e-05,7.36566861856885e-06,8.87894447108128e-06,4.19227447659453e-05,NA,0,0,0,0,0
"Lachnospiraceae FCS020 group",NA,NA,NA,NA,NA,NA,NA,NA,NA,NA,NA,NA,NA,NA,NA,NA,NA,5.42540906951068e-05,2.80429262419628e-06,3.3073077132651e-05,0,0,7.03749577750253e-06,0,0,0,0,0,0,0,0,0,NA,0,6.48895579723311e-06,0,0,0
"Ruminococcaceae UCG-013",NA,NA,NA,NA,NA,NA,NA,NA,NA,NA,NA,NA,NA,NA,NA,NA,NA,0.000183239496978026,3.31841293863226e-05,8.48514192009816e-05,7.17735973644735e-06,0,0,1.60995596770428e-05,0,0,0,0,7.86843968840979e-06,2.20970058557066e-05,0,3.35381958127563e-05,NA,0,0,0,0,0
"Lachnospiraceae UCG-001",NA,NA,NA,NA,NA,NA,NA,NA,NA,NA,NA,NA,NA,NA,NA,NA,NA,0.000180706232042846,5.60858524839256e-05,0.000108436318467708,7.17735973644735e-06,0,1.40749915550051e-05,8.04977983852142e-06,0,0,0,0,7.86843968840979e-06,4.41940117114131e-05,0,7.54609405787016e-05,NA,0,0,0,0,6.98250881541738e-06
"Ruminococcus 2",NA,NA,NA,NA,NA,NA,NA,NA,NA,NA,NA,NA,NA,NA,NA,NA,NA,0.00304034013303863,0.000510848639707755,0.00298660730139685,4.30641584186841e-05,6.77885674580982e-05,9.14874451075329e-05,4.82986790311285e-05,5.62850273786455e-05,8.26952020243785e-05,0.000101713534002834,0.000107999136006912,0.000204579431898654,0.000235701395794203,0.000150942056008382,0.000251536468595672,NA,7.16378563087878e-06,3.89337347833987e-05,0.000114799708273682,6.41171777043201e-05,6.98250881541738e-05
"Fusicatenibacter",NA,NA,NA,NA,NA,NA,NA,NA,NA,NA,NA,NA,NA,NA,NA,NA,NA,0.000413344395256884,8.36613966218556e-05,0.00027488606731564,2.15320792093421e-05,0,0,1.60995596770428e-05,8.04071819694935e-06,2.48085606073136e-05,1.35618045337113e-05,1.7999856001152e-05,3.93421984420489e-05,2.94626744742754e-05,5.32736668264877e-05,4.19227447659453e-05,NA,1.43275712617576e-05,6.48895579723311e-06,0,0,0
"Ruminococcaceae UCG-004",NA,NA,NA,NA,NA,NA,NA,NA,NA,NA,NA,NA,NA,NA,NA,NA,NA,0.000112519184204249,1.12171704967851e-05,7.07546978001795e-05,0,0,0,0,0,0,0,0,0,7.36566861856885e-06,8.87894447108128e-06,8.38454895318906e-06,NA,7.16378563087878e-06,0,6.75292401609897e-06,0,0
"Clostridium sensu stricto 1",NA,NA,NA,NA,NA,NA,NA,NA,NA,NA,NA,NA,NA,NA,NA,NA,NA,0.0131987325231108,0.0310874532676319,0.0108623371117065,0.207002232158878,0.0232768993509245,0.163305089516946,0.0611219783138931,8.04071819694935e-06,8.26952020243785e-06,0.199873875217836,0.0241378068975448,0.17204343378708,0.0916436489522336,1.77578889421626e-05,3.35381958127563e-05,NA,0.0248869912816729,0.16672074129831,0.0730666378541909,7.12413085603556e-06,0
"Gossypium arboreum",NA,NA,NA,NA,NA,NA,NA,NA,NA,NA,NA,NA,NA,NA,NA,NA,NA,1.56218004336105e-05,1.86952841613085e-05,2.16872636935416e-06,0,0,7.03749577750253e-06,0,0,0,0,0,0,0,0,0,NA,0,0,0,0,0
"Sellimonas",NA,NA,NA,NA,NA,NA,NA,NA,NA,NA,NA,NA,NA,NA,NA,NA,NA,2.74437034644509e-06,0,2.16872636935416e-06,0,0,0,0,8.04071819694935e-06,0,0,0,0,0,0,0,NA,0,0,0,0,6.98250881541738e-06
"Lachnospiraceae UCG-008",NA,NA,NA,NA,NA,NA,NA,NA,NA,NA,NA,NA,NA,NA,NA,NA,NA,1.68884329012006e-06,9.34764208065426e-07,1.62654477701562e-06,0,0,0,0,0,0,0,0,0,0,8.87894447108128e-06,0,NA,0,0,0,0,0
"Ambiguous_taxa",NA,NA,NA,NA,NA,NA,NA,NA,NA,NA,NA,NA,NA,NA,NA,NA,NA,0.0248652619712601,0.0524271853735575,0.0212136680726339,0.348008641541123,0.260418255461216,0.199294842923094,0.0812947265892278,6.43257455755948e-05,0.00011577328283413,0.327592169414062,0.258999928000576,0.194468486899048,0.0756675137185578,4.43947223554064e-05,8.38454895318906e-05,NA,0.256356068800997,0.201209541360604,0.0769022986953351,2.84965234241423e-05,4.18950528925043e-05
"Intestinimonas",NA,NA,NA,NA,NA,NA,NA,NA,NA,NA,NA,NA,NA,NA,NA,NA,NA,3.79989740277013e-06,9.34764208065426e-07,4.60854353487759e-06,0,0,0,0,0,0,0,0,0,0,0,0,NA,0,0,0,0,0
"Butyricicoccus",NA,NA,NA,NA,NA,NA,NA,NA,NA,NA,NA,NA,NA,NA,NA,NA,NA,0.000239182430963253,7.71180471653976e-05,0.000174853563529179,0,0,0,1.60995596770428e-05,8.04071819694935e-06,0,0,0,2.36053190652294e-05,1.47313372371377e-05,0,0.000100614587438269,NA,0,0,0,0,6.98250881541738e-06
"Hungatella",NA,NA,NA,NA,NA,NA,NA,NA,NA,NA,NA,NA,NA,NA,NA,NA,NA,7.81090021680526e-06,4.20643893629442e-06,1.57232661778177e-05,0,0,0,0,0,0,0,0,7.86843968840979e-06,0,0,0,NA,0,6.48895579723311e-06,0,0,6.98250881541738e-06
"Porphyromonas",NA,NA,NA,NA,NA,NA,NA,NA,NA,NA,NA,NA,NA,NA,NA,NA,NA,0.00634772861132749,0.0142186983688832,0.00908262603485523,0,0,0.0550824794505123,0.178970755149847,0,0,0,8.999928000576e-06,0.0529860728617515,0.174441129893566,0,0,NA,7.16378563087878e-06,0.0496664676720222,0.174475297803949,0,0
"Marvinbryantia",NA,NA,NA,NA,NA,NA,NA,NA,NA,NA,NA,NA,NA,NA,NA,NA,NA,8.9719799787628e-05,9.81502418468697e-06,5.80134303802238e-05,0,0,0,0,0,0,0,0,0,0,0,0,NA,0,0,0,0,0
"Eisenbergiella",NA,NA,NA,NA,NA,NA,NA,NA,NA,NA,NA,NA,NA,NA,NA,NA,NA,1.11885867970454e-05,9.34764208065426e-06,4.55432537564374e-05,0,0,7.03749577750253e-06,8.04977983852142e-06,0,0,1.35618045337113e-05,0,0,7.36566861856885e-06,0,0,NA,0,0,0,0,0
"Erysipelatoclostridium",NA,NA,NA,NA,NA,NA,NA,NA,NA,NA,NA,NA,NA,NA,NA,NA,NA,2.38549114729458e-05,1.86952841613085e-06,2.95488967824504e-05,0,0,0,0,0,0,0,0,0,0,0,0,NA,0,0,6.75292401609897e-06,7.12413085603556e-06,0
"Ruminococcaceae NK4A214 group",NA,NA,NA,NA,NA,NA,NA,NA,NA,NA,NA,NA,NA,NA,NA,NA,NA,0.000387800640493818,0.000167790175347744,0.00034916494546602,7.17735973644735e-06,8.47357093226227e-06,2.11124873325076e-05,3.21991193540857e-05,1.60814363938987e-05,0,2.71236090674225e-05,4.499964000288e-05,3.14737587536392e-05,8.83880234228262e-05,7.10315557686502e-05,0.000125768234297836,NA,1.43275712617576e-05,6.48895579723311e-06,1.35058480321979e-05,0,1.39650176308348e-05
"Family XIII AD3011 group",NA,NA,NA,NA,NA,NA,NA,NA,NA,NA,NA,NA,NA,NA,NA,NA,NA,4.55987688332415e-05,3.7390568322617e-06,4.4187799775591e-05,0,0,0,0,0,0,6.78090226685563e-06,0,7.86843968840979e-06,7.36566861856885e-06,8.87894447108128e-06,0,NA,0,0,6.75292401609897e-06,0,0
"Ruminococcaceae UCG-002",NA,NA,NA,NA,NA,NA,NA,NA,NA,NA,NA,NA,NA,NA,NA,NA,NA,0.000670681891588927,0.000262201360362352,0.000509379606002059,2.87094389457894e-05,1.69471418645245e-05,7.03749577750253e-05,4.82986790311285e-05,1.60814363938987e-05,4.13476010121893e-05,6.78090226685563e-05,1.7999856001152e-05,0.000133763474702966,0.000117850697897102,7.10315557686502e-05,0.000192844625923348,NA,1.43275712617576e-05,1.29779115944662e-05,2.70116960643959e-05,3.56206542801778e-05,2.79300352616695e-05
"Lachnospiraceae NK4A136 group",NA,NA,NA,NA,NA,NA,NA,NA,NA,NA,NA,NA,NA,NA,NA,NA,NA,0.000173317542648571,0.000129932224921094,0.000336423678046064,7.17735973644735e-06,2.54207127967868e-05,2.81499831100101e-05,3.21991193540857e-05,2.41221545908481e-05,8.26952020243785e-06,6.78090226685563e-06,8.999928000576e-06,5.50790778188685e-05,5.89253489485508e-05,2.66368334132438e-05,5.86918426723234e-05,NA,1.43275712617576e-05,1.29779115944662e-05,4.05175440965938e-05,7.12413085603556e-06,2.09475264462521e-05
"[Eubacterium] coprostanoligenes group",NA,NA,NA,NA,NA,NA,NA,NA,NA,NA,NA,NA,NA,NA,NA,NA,NA,0.000540640958249683,8.50635429339538e-05,0.000386846566133549,7.17735973644735e-06,0,7.03749577750253e-06,0,0,0,1.35618045337113e-05,0,2.36053190652294e-05,5.89253489485508e-05,3.55157778843251e-05,3.35381958127563e-05,NA,0,6.48895579723311e-06,1.35058480321979e-05,0,6.98250881541738e-06
"Ruminococcus 1",NA,NA,NA,NA,NA,NA,NA,NA,NA,NA,NA,NA,NA,NA,NA,NA,NA,0.00162318950721664,0.00054263062278198,0.00179597652462142,4.30641584186841e-05,2.54207127967868e-05,7.74124535525279e-05,5.63484588696499e-05,4.82443091816961e-05,2.48085606073136e-05,9.49326317359788e-05,9.89992080063359e-05,0.000165237233456606,0.000265164070268479,8.87894447108128e-05,0.000159306430110592,NA,2.14913568926363e-05,3.24447789861655e-05,4.72704681126928e-05,0.000121110224552605,4.18950528925043e-05
"Roseburia",NA,NA,NA,NA,NA,NA,NA,NA,NA,NA,NA,NA,NA,NA,NA,NA,NA,0.00115115780762808,0.000376709975850367,0.00069453461978567,7.17735973644735e-06,0,2.81499831100101e-05,4.82986790311285e-05,1.60814363938987e-05,3.30780808097514e-05,4.74663158679894e-05,5.3999568003456e-05,8.65528365725077e-05,0.000110485029278533,4.43947223554064e-05,0.000201229174876538,NA,7.16378563087878e-06,1.29779115944662e-05,4.05175440965938e-05,1.42482617120711e-05,0
"Anaerofilum",NA,NA,NA,NA,NA,NA,NA,NA,NA,NA,NA,NA,NA,NA,NA,NA,NA,2.11105411265007e-07,9.34764208065426e-07,5.4218159233854e-07,0,0,0,0,0,0,0,0,0,0,0,0,NA,0,0,0,0,0
"[Clostridium] innocuum group",NA,NA,NA,NA,NA,NA,NA,NA,NA,NA,NA,NA,NA,NA,NA,NA,NA,2.53326493518008e-06,0,4.87963433104686e-06,0,0,0,0,0,0,0,0,0,0,0,0,NA,0,0,6.75292401609897e-06,0,0
"[Eubacterium] xylanophilum group",NA,NA,NA,NA,NA,NA,NA,NA,NA,NA,NA,NA,NA,NA,NA,NA,NA,8.69754294411829e-05,2.66407799298646e-05,6.4248518692117e-05,0,0,7.03749577750253e-06,0,0,0,0,0,0,0,0,8.38454895318906e-06,NA,0,0,6.75292401609897e-06,0,0
"[Eubacterium] hallii group",NA,NA,NA,NA,NA,NA,NA,NA,NA,NA,NA,NA,NA,NA,NA,NA,NA,0.000824366630989852,7.85201934774958e-05,0.000529711415714754,7.17735973644735e-06,1.69471418645245e-05,7.03749577750253e-06,8.04977983852142e-06,1.60814363938987e-05,8.26952020243785e-06,2.71236090674225e-05,8.999928000576e-06,1.57368793768196e-05,2.20970058557066e-05,0,4.19227447659453e-05,NA,7.16378563087878e-06,0,6.75292401609897e-06,1.42482617120711e-05,0
"Holdemania",NA,NA,NA,NA,NA,NA,NA,NA,NA,NA,NA,NA,NA,NA,NA,NA,NA,1.68884329012006e-05,7.94549576855612e-06,1.59943569739869e-05,0,0,0,0,0,8.26952020243785e-06,0,0,0,0,0,0,NA,0,0,0,0,0
"Tyzzerella",NA,NA,NA,NA,NA,NA,NA,NA,NA,NA,NA,NA,NA,NA,NA,NA,NA,2.19549627715607e-05,1.02824062887197e-05,1.11147226429401e-05,0,0,0,8.04977983852142e-06,0,0,0,0,0,0,0,1.67690979063781e-05,NA,0,0,0,0,0
"Ruminiclostridium 5",NA,NA,NA,NA,NA,NA,NA,NA,NA,NA,NA,NA,NA,NA,NA,NA,NA,0.000240871274253373,4.76729746113367e-05,0.000186510467764458,0,8.47357093226227e-06,1.40749915550051e-05,0,0,1.65390404048757e-05,6.78090226685563e-06,8.999928000576e-06,1.57368793768196e-05,3.68283430928443e-05,8.87894447108128e-06,5.03072937191344e-05,NA,0,0,1.35058480321979e-05,7.12413085603556e-06,0
"Dialister",NA,NA,NA,NA,NA,NA,NA,NA,NA,NA,NA,NA,NA,NA,NA,NA,NA,0.000126452141347739,6.59008766686125e-05,8.53936007933201e-05,7.17735973644735e-06,0,7.03749577750253e-06,0,8.04071819694935e-06,0,1.35618045337113e-05,8.999928000576e-06,0,2.20970058557066e-05,8.87894447108128e-06,3.35381958127563e-05,NA,7.16378563087878e-06,0,6.75292401609897e-06,0,0
"Intestinibacter",NA,NA,NA,NA,NA,NA,NA,NA,NA,NA,NA,NA,NA,NA,NA,NA,NA,0.00014629605000665,2.24343409935702e-05,0.000113315952798755,1.43547194728947e-05,8.47357093226227e-06,0,2.41493395155642e-05,0,0,0,0,1.57368793768196e-05,7.36566861856885e-06,0,0,NA,0,0,6.75292401609897e-06,0,0
"[Ruminococcus] gauvreauii group",NA,NA,NA,NA,NA,NA,NA,NA,NA,NA,NA,NA,NA,NA,NA,NA,NA,0.0004621097452591,4.48686819871405e-05,0.000254554257602945,7.17735973644735e-06,0,0,0,0,1.65390404048757e-05,0,8.999928000576e-06,7.86843968840979e-06,1.47313372371377e-05,8.87894447108128e-06,8.38454895318906e-06,NA,7.16378563087878e-06,0,0,0,6.98250881541738e-06
"Lachnospiraceae ND3007 group",NA,NA,NA,NA,NA,NA,NA,NA,NA,NA,NA,NA,NA,NA,NA,NA,NA,0.000157062425981165,3.31841293863226e-05,0.000110605044837062,0,0,0,0,0,0,6.78090226685563e-06,2.6999784001728e-05,0,2.20970058557066e-05,2.66368334132438e-05,1.67690979063781e-05,NA,0,0,0,0,0
"Succiniclasticum",NA,NA,NA,NA,NA,NA,NA,NA,NA,NA,NA,NA,NA,NA,NA,NA,NA,2.87103359320409e-05,3.27167472822899e-06,4.22901642024061e-05,7.17735973644735e-06,0,0,0,0,1.65390404048757e-05,0,0,0,0,0,0,NA,7.16378563087878e-06,6.48895579723311e-06,2.02587720482969e-05,0,6.98250881541738e-06
"[Ruminococcus] torques group",NA,NA,NA,NA,NA,NA,NA,NA,NA,NA,NA,NA,NA,NA,NA,NA,NA,0.000157062425981165,3.92600967387479e-05,0.000111147226429401,7.17735973644735e-06,0,7.03749577750253e-06,0,8.04071819694935e-06,0,6.78090226685563e-06,8.999928000576e-06,0,1.47313372371377e-05,0,8.38454895318906e-06,NA,0,0,6.75292401609897e-06,0,0
"Ruminiclostridium",NA,NA,NA,NA,NA,NA,NA,NA,NA,NA,NA,NA,NA,NA,NA,NA,NA,1.05552705632503e-05,5.14120314435984e-06,8.94599627358592e-06,0,0,0,0,8.04071819694935e-06,0,0,0,0,0,0,8.38454895318906e-06,NA,0,6.48895579723311e-06,0,0,0
"Gordonibacter",NA,NA,NA,NA,NA,NA,NA,NA,NA,NA,NA,NA,NA,NA,NA,NA,NA,1.01330597407203e-05,9.34764208065426e-07,3.52418035020051e-06,0,0,0,0,0,0,0,0,7.86843968840979e-06,0,0,0,NA,0,0,0,0,0
"Ruminococcaceae UCG-005",NA,NA,NA,NA,NA,NA,NA,NA,NA,NA,NA,NA,NA,NA,NA,NA,NA,0.000205194459749587,9.34764208065426e-05,0.000459227808710744,3.58867986822367e-05,3.38942837290491e-05,2.11124873325076e-05,3.21991193540857e-05,1.60814363938987e-05,4.96171212146271e-05,2.71236090674225e-05,3.5999712002304e-05,6.29475175072783e-05,3.68283430928443e-05,3.55157778843251e-05,2.51536468595672e-05,NA,1.43275712617576e-05,1.94668673916993e-05,2.02587720482969e-05,7.12413085603556e-06,1.39650176308348e-05
"Flavonifractor",NA,NA,NA,NA,NA,NA,NA,NA,NA,NA,NA,NA,NA,NA,NA,NA,NA,9.49974350692531e-06,1.40214631209814e-06,7.04836070040102e-06,0,0,0,8.04977983852142e-06,0,0,0,0,0,0,0,0,NA,0,0,0,0,0
"[Eubacterium] rectale group",NA,NA,NA,NA,NA,NA,NA,NA,NA,NA,NA,NA,NA,NA,NA,NA,NA,0.00240702389924361,0.000360351602209222,0.00150699373590497,7.17735973644735e-06,0,2.81499831100101e-05,3.21991193540857e-05,4.02035909847468e-05,1.65390404048757e-05,7.45899249354119e-05,2.6999784001728e-05,0.000125895035014557,8.83880234228262e-05,8.87894447108128e-05,0.000209613723829727,NA,7.16378563087878e-06,5.19116463778649e-05,5.40233921287918e-05,7.12413085603556e-06,2.09475264462521e-05
"Lachnospiraceae UCG-004",NA,NA,NA,NA,NA,NA,NA,NA,NA,NA,NA,NA,NA,NA,NA,NA,NA,4.77098229458916e-05,1.82279020572758e-05,2.98199875786197e-05,0,0,0,0,0,0,6.78090226685563e-06,0,0,7.36566861856885e-06,0,0,NA,0,0,0,7.12413085603556e-06,0
"Phascolarctobacterium",NA,NA,NA,NA,NA,NA,NA,NA,NA,NA,NA,NA,NA,NA,NA,NA,NA,0.000111252551736659,3.55210399064862e-05,4.87963433104686e-05,0,0,7.03749577750253e-06,8.04977983852142e-06,8.04071819694935e-06,8.26952020243785e-06,6.78090226685563e-06,0,1.57368793768196e-05,1.47313372371377e-05,8.87894447108128e-06,3.35381958127563e-05,NA,7.16378563087878e-06,0,0,0,0
"Lactonifactor",NA,NA,NA,NA,NA,NA,NA,NA,NA,NA,NA,NA,NA,NA,NA,NA,NA,1.89994870138506e-06,0,3.79527114636978e-06,0,0,0,0,0,0,0,0,0,0,0,0,NA,0,0,0,0,0
"[Eubacterium] ventriosum group",NA,NA,NA,NA,NA,NA,NA,NA,NA,NA,NA,NA,NA,NA,NA,NA,NA,4.28543984867964e-05,5.60858524839256e-06,2.7109079616927e-05,0,0,0,0,0,0,0,0,0,0,8.87894447108128e-06,0,NA,0,0,0,0,6.98250881541738e-06
"Oxalobacter",NA,NA,NA,NA,NA,NA,NA,NA,NA,NA,NA,NA,NA,NA,NA,NA,NA,2.08994357152357e-05,6.54334945645798e-06,9.48817786592446e-06,0,0,0,8.04977983852142e-06,0,0,0,0,0,7.36566861856885e-06,0,8.38454895318906e-06,NA,0,0,0,7.12413085603556e-06,0
"Dorea",NA,NA,NA,NA,NA,NA,NA,NA,NA,NA,NA,NA,NA,NA,NA,NA,NA,0.000475831596991326,6.21618198363508e-05,0.000264313526265038,0,8.47357093226227e-06,0,1.60995596770428e-05,0,0,1.35618045337113e-05,3.5999712002304e-05,1.57368793768196e-05,7.36566861856885e-06,8.87894447108128e-06,8.38454895318906e-05,NA,1.43275712617576e-05,0,0,0,0
"Defluviitaleaceae UCG-011",NA,NA,NA,NA,NA,NA,NA,NA,NA,NA,NA,NA,NA,NA,NA,NA,NA,1.26663246759004e-06,9.34764208065426e-07,4.06636194253905e-06,0,0,0,0,0,0,0,0,0,0,0,0,NA,0,0,0,0,0
"Coprococcus 2",NA,NA,NA,NA,NA,NA,NA,NA,NA,NA,NA,NA,NA,NA,NA,NA,NA,0.000806844881854857,0.000231821523600226,0.000799446757903178,1.43547194728947e-05,8.47357093226227e-06,2.81499831100101e-05,3.21991193540857e-05,1.60814363938987e-05,1.65390404048757e-05,2.71236090674225e-05,8.999928000576e-06,6.29475175072783e-05,0.00012521636651567,5.32736668264877e-05,0.000142537332204214,NA,1.43275712617576e-05,2.59558231889324e-05,2.02587720482969e-05,0,2.79300352616695e-05
"Coprococcus 1",NA,NA,NA,NA,NA,NA,NA,NA,NA,NA,NA,NA,NA,NA,NA,NA,NA,9.94306487058183e-05,1.26193168088833e-05,6.26219739151014e-05,0,0,0,0,0,0,0,8.999928000576e-06,0,0,0,8.38454895318906e-06,NA,0,0,0,0,0
"Parasutterella",NA,NA,NA,NA,NA,NA,NA,NA,NA,NA,NA,NA,NA,NA,NA,NA,NA,5.91095151542019e-06,0,9.75926866209373e-06,0,0,0,0,0,0,0,0,0,0,0,0,NA,0,0,0,0,0
"Blautia",NA,NA,NA,NA,NA,NA,NA,NA,NA,NA,NA,NA,NA,NA,NA,NA,NA,0.00236775829274832,0.000267809945610745,0.00140723232291468,2.15320792093421e-05,8.47357093226227e-06,4.92624704425177e-05,2.41493395155642e-05,1.60814363938987e-05,1.65390404048757e-05,2.71236090674225e-05,5.3999568003456e-05,7.86843968840979e-05,9.57536920413951e-05,0.000115426278124057,0.000117383685344647,NA,7.16378563087878e-06,3.24447789861655e-05,4.72704681126928e-05,1.42482617120711e-05,6.98250881541738e-06
"[Eubacterium] eligens group",NA,NA,NA,NA,NA,NA,NA,NA,NA,NA,NA,NA,NA,NA,NA,NA,NA,3.94767119065563e-05,1.82279020572758e-05,4.14768918138983e-05,0,0,0,0,0,0,0,0,0,7.36566861856885e-06,0,8.38454895318906e-06,NA,0,0,0,0,0
"Christensenellaceae R-7 group",NA,NA,NA,NA,NA,NA,NA,NA,NA,NA,NA,NA,NA,NA,NA,NA,NA,8.50754807397978e-05,1.40214631209814e-05,8.75623271626743e-05,1.43547194728947e-05,0,0,0,8.04071819694935e-06,0,0,0,0,7.36566861856885e-06,0,1.67690979063781e-05,NA,7.16378563087878e-06,0,6.75292401609897e-06,0,0
"Erwinia",NA,NA,NA,NA,NA,NA,NA,NA,NA,NA,NA,NA,NA,NA,NA,NA,NA,0.000979740213680897,0.00058048857320863,0.000878063088792266,3.58867986822367e-05,8.47357093226227e-06,4.92624704425177e-05,0.000104647137900778,0.000844275410679682,0.000777334899029158,6.78090226685563e-06,8.999928000576e-06,0,6.62910175671197e-05,0.000479463001438389,0.000511457486144533,NA,2.86551425235151e-05,6.48895579723311e-06,4.72704681126928e-05,0.00044882024393024,0.00058653074049506
"Anaerotruncus",NA,NA,NA,NA,NA,NA,NA,NA,NA,NA,NA,NA,NA,NA,NA,NA,NA,1.18219030308404e-05,6.07596735242527e-06,5.3133796049177e-05,7.17735973644735e-06,0,7.03749577750253e-06,8.04977983852142e-06,0,0,0,0,7.86843968840979e-06,0,8.87894447108128e-06,0,NA,0,6.48895579723311e-06,6.75292401609897e-06,7.12413085603556e-06,0
"Ruminiclostridium 9",NA,NA,NA,NA,NA,NA,NA,NA,NA,NA,NA,NA,NA,NA,NA,NA,NA,9.28863809566031e-06,1.86952841613085e-06,6.77726990423175e-06,0,0,0,0,0,0,0,0,0,0,0,0,NA,0,0,0,0,6.98250881541738e-06
"Odoribacter",NA,NA,NA,NA,NA,NA,NA,NA,NA,NA,NA,NA,NA,NA,NA,NA,NA,1.13996922083104e-05,3.27167472822899e-06,7.86163308890884e-06,0,0,0,0,0,0,0,0,0,0,0,0,NA,0,0,0,0,0
"Coprococcus 3",NA,NA,NA,NA,NA,NA,NA,NA,NA,NA,NA,NA,NA,NA,NA,NA,NA,6.88203640723923e-05,1.16845526008178e-05,5.25916144568384e-05,0,0,0,0,0,0,0,8.999928000576e-06,0,7.36566861856885e-06,0,0,NA,0,0,0,0,0
"Raoultella",NA,NA,NA,NA,NA,NA,NA,NA,NA,NA,NA,NA,NA,NA,NA,NA,NA,0.0956961939805403,0.092153262070026,0.112420810989804,0.000122015115519605,0.000160997847712983,0.000175937394437563,0.000491036570149806,0.104778598824447,0.0929080594743893,8.81517294691232e-05,4.499964000288e-05,6.29475175072783e-05,0.00025779840164991,0.106067870651537,0.0919281947227649,NA,0.000107456784463182,9.73343369584966e-05,0.000222846492531266,0.112425909039097,0.0913731103585518
"Enterobacter",NA,NA,NA,NA,NA,NA,NA,NA,NA,NA,NA,NA,NA,NA,NA,NA,NA,0.00968424963637093,0.00490751209234349,0.00701528762326837,0.00455762343264407,0.00459267544528615,0.00234348609390834,0.00764729084659535,0.00599033505672727,0.00512710252551147,0.00214954601859323,0.00229498164014688,0.000912739003855535,0.00340293890177881,0.00349830412160602,0.00286751574199066,NA,0.0030374451074926,0.00148597087756638,0.00502417546797763,0.00376154109198678,0.00404287260412666
"Kluyvera",NA,NA,NA,NA,NA,NA,NA,NA,NA,NA,NA,NA,NA,NA,NA,NA,NA,0.000863632237485143,0.00103618612464052,0.00102390993713133,0,0,0,8.04977983852142e-06,0.00226748253153972,0.00198468484858509,0,0,0,0,0.00192673095022464,0.00181106257388884,NA,0,0,0,0.00165992248945629,0.0023321579443494
"Oryza sativa Indica Group (long-grained rice)",NA,NA,NA,NA,NA,NA,NA,NA,NA,NA,NA,NA,NA,NA,NA,NA,NA,2.32215952391508e-06,1.86952841613085e-06,2.7109079616927e-07,0,0,0,0,0,0,0,0,0,0,0,0,NA,0,0,0,0,0
