"","Domain","Kingdom","Phylum","Class","Order","Family","Genus","Species","Naming","Gram","Art.Col","MSA1000","MSA1001","MSA1002","MSA1003","Zymo.Ext","Zymo.Seq","Qiagen DSP Virus_OB","Zymo MagBead DNone Kit_OB","MagAttract PowerMag Soil_OB","MagAttract PowerMag Microbiome_OB","Qiagen QIAamp  Modified_OB","Qiagen DSP Virus_OB_AC","Qiagen DSP Virus_OB_ZE","Zymo MagBead DNone Kit_OB_AC","Zymo MagBead DNone Kit_OB_ZE","MagAttract PowerMag Soil_OB_AC","MagAttract PowerMag Soil_OB_ZE","MagAttract PowerMag Microbiome_OB_AC","MagAttract PowerMag Microbiome_OB_ZE","Qiagen QIAamp  Modified_OB_AC","Qiagen QIAamp  Modified_OB_ZE","Qiagen DSP-AC_Diff","Qiagen DSP-ZE_Diff","Zymo MagBead-AC_Diff","Zymo MagBead-ZE_Diff","MagAttract PS-AC_Diff","MagAttract PS-ZE_Diff","MagAttract MB-AC_Diff","MagAttract MB-ZE_Diff","Qiagen QIAmp-AC_Diff","Qiagen QIAMmp-ZE_Diff","Qiagen DSP Virus_OB","Zymo MagBead DNone Kit_OB","MagAttract PowerMag Soil_OB","MagAttract PowerMag Microbiome_OB","Qiagen QIAamp  Modified_OB","Qiagen DSP Virus_OB_AC","Qiagen DSP Virus_OB_ZE","Zymo MagBead DNone Kit_OB_AC","Zymo MagBead DNone Kit_OB_ZE","MagAttract PowerMag Soil_OB_AC","MagAttract PowerMag Soil_OB_ZE","MagAttract PowerMag Microbiome_OB_AC","MagAttract PowerMag Microbiome_OB_ZE","Qiagen QIAamp  Modified_OB_AC","Qiagen QIAamp  Modified_OB_ZE"
"Acinetobacter","Bacteria","Eubacteria","Proteobacteria","Gammaproteobacteria","Pseudomonadales","Moraxellaceae","Acinetobacter","Acinetobacter baumannii","D_0__Bacteria;D_1__Proteobacteria;D_2__Gammaproteobacteria;D_3__Pseudomonadales;D_4__Moraxellaceae;D_5__Acinetobacter","N",NA,NA,NA,0.05,0.0018,NA,NA,1.6545306840988e-06,3.73677415497523e-06,0,0,3.10814317972372e-06,0,2.66099342867673e-06,5.38351631905302e-06,2.86148577498192e-06,0,0,0,0,7.54264422478588e-06,0,NA,NA,NA,NA,NA,NA,NA,NA,NA,NA,8.27265342049401e-07,1.86838707748762e-06,0,0,1.55407158986186e-06,0,1.33049671433836e-06,2.69175815952651e-06,1.43074288749096e-06,0,0,0,0,3.77132211239294e-06,0
"Actinomyces","Bacteria","Eubacteria","Actinobacteria","Actinobacteria","Actinomycetales","Actinomycetaceae","Actinomyces","Actinomyces odontolyticus","D_0__Bacteria;D_1__Actinobacteria;D_2__Actinobacteria;D_3__Actinomycetales;D_4__Actinomycetaceae;D_5__Actinomyces","P",NA,NA,NA,0.05,2e-04,NA,NA,8.27265342049401e-07,1.12103224649257e-06,2.19152784555281e-06,6.75320143955744e-06,7.77035794930929e-07,0,1.33049671433836e-06,0,1.71689146498915e-06,0,3.48563222397278e-06,1.50607891100454e-05,0,1.88566105619647e-06,0,NA,NA,NA,NA,NA,NA,NA,NA,NA,NA,4.136326710247e-07,5.60516123246285e-07,1.0957639227764e-06,3.37660071977872e-06,3.88517897465465e-07,0,6.65248357169182e-07,0,8.58445732494575e-07,0,1.74281611198639e-06,7.53039455502271e-06,0,9.42830528098235e-07,0
"Alistipes","Bacteria","Eubacteria","Bacteroidetes","Bacteroidia","Bacteroidales","Rikenellaceae","Alistipes","Alistipes shahii","D_0__Bacteria;D_1__Bacteroidetes;D_2__Bacteroidia;D_3__Bacteroidales;D_4__Rikenellaceae;D_5__Alistipes","N",0.04,NA,NA,NA,NA,NA,NA,0.00169837574722742,0.00371472718746088,0.00279858105877093,0.00336928475155253,0.00400639655866387,0.00438098612651273,6.65248357169182e-05,0.00952128696187717,0.000628382276186029,0.00705386516394088,0.000285821842365768,0.00741743863669737,7.85582820834065e-05,0.00947733246844346,0.000171815855695828,"-89.0475346837182","NA","-76.1967825953071","NA","-82.3653370901478","NA","-81.4564034082566","NA","-76.3066688288913","NA",0.00084918787361371,0.00185736359373044,0.00139929052938547,0.00168464237577627,0.00200319827933194,0.00219049306325637,3.32624178584591e-05,0.00476064348093858,0.000314191138093014,0.00352693258197044,0.000142910921182884,0.00370871931834868,3.92791410417032e-05,0.00473866623422173,8.59079278479139e-05
"Anaerostipes","Bacteria","Eubacteria","Firmicutes","Clostridia","Clostridiales","Lachnospiraceae","Anaerostipes","Anaerostipes hadrus","D_0__Bacteria;D_1__Firmicutes;D_2__Clostridia;D_3__Clostridiales;D_4__Lachnospiraceae;D_5__Anaerostipes","P",0.06,NA,NA,NA,NA,NA,NA,0.00628059847683905,0.00419639737603719,0.00645989357940782,0.00422412750044318,0.00628621958099122,0.0165834432407486,1.33049671433836e-05,0.0118512728247633,0.000127622265564193,0.0173680523855247,1.85900385278548e-05,0.00937910641828079,3.36678351786028e-05,0.0151889998076626,4.62581149950306e-05,"-72.3609279320856","NA","-80.2478786253945","NA","-71.0532460241255","NA","-84.368155969532","NA","-74.6850003205624","NA",0.00314029923841953,0.00209819868801859,0.00322994678970391,0.00211206375022159,0.00314310979049561,0.00829172162037432,6.65248357169182e-06,0.00592563641238166,6.38111327820967e-05,0.00868402619276236,9.29501926392742e-06,0.00468955320914039,1.68339175893014e-05,0.00759449990383129,2.31290574975153e-05
"Bacillus","Bacteria","Eubacteria","Firmicutes","Bacilli","Bacillales","Bacillaceae","Bacillus","Bacillus cereus; Bacillus subtilis","D_0__Bacteria;D_1__Firmicutes;D_2__Bacilli;D_3__Bacillales;D_4__Bacillaceae;D_5__Bacillus","P",NA,0.1,0.0448,0.05,0.018,0.157,0.135,0.0871242767632747,0.0977693326681875,0.0466349820440819,0.115493813786098,0.0825779250346946,5.46803061222258e-05,0.140089329549401,0.00412162009386699,0.147545646421083,6.88661870956571e-05,0.0741324261394532,0.00411787075583825,0.206030827494174,0.000182909122451058,0.140328617648925,"NA","-10.771127675541","NA","-6.021881260457","NA","-52.7818941786922","NA","31.2298264294105","NA","-10.6187148732964",0.0435621383816374,0.0488846663340938,0.0233174910220409,0.057746906893049,0.0412889625173473,2.73401530611129e-05,0.0700446647747003,0.0020608100469335,0.0737728232105413,3.44330935478285e-05,0.0370662130697266,0.00205893537791913,0.103015413747087,9.14545612255288e-05,0.0701643088244624
"Bacteroides","Bacteria","Eubacteria","Bacteroidetes","Bacteroidia","Bacteroidales","Bacteroidaceae","Bacteroides","Bacteroides caccae; Bacteroides vulgatus","D_0__Bacteria;D_1__Bacteroidetes;D_2__Bacteroidia;D_3__Bacteroidales;D_4__Bacteroidaceae;D_5__Bacteroides","N",0.06,NA,NA,0.05,2e-04,NA,NA,0.0312201667436023,0.0329437746276772,0.0323454899817957,0.0238568096188099,0.0391789218162124,0.0820598290037467,0.000294039773868778,0.0914745558868213,0.00183306778745342,0.0857639818035858,0.00080169541151374,0.0528859609599245,0.000259140307132276,0.0942283686391938,0.00059474719279325,"36.7663816729112","NA","52.4575931447021","NA","42.939969672643","NA","-11.8567317334592","NA","57.0472810653231","NA",0.0156100833718012,0.0164718873138386,0.0161727449908979,0.011928404809405,0.0195894609081062,0.0410299145018733,0.000147019886934389,0.0457372779434106,0.000916533893726708,0.0428819909017929,0.00040084770575687,0.0264429804799622,0.000129570153566138,0.0471141843195969,0.000297373596396625
"Bifidobacterium","Bacteria","Eubacteria","Actinobacteria","Actinobacteria","Bifidobacteriales","Bifidobacteriaceae","Bifidobacterium","Bifidobacterium adolescentis; Bifidobacterium angulatum","D_0__Bacteria;D_1__Actinobacteria;D_2__Actinobacteria;D_3__Bifidobacteriales;D_4__Bifidobacteriaceae;D_5__Bifidobacterium","P",0.06,0.1,4e-04,0.05,2e-04,NA,NA,0.00630955276381078,0.00424534911746736,0.00201036154365377,0.0100932223182052,0.00602591258968936,0.0166687445182993,7.98298028603018e-06,0.0122184286377227,7.43986301495298e-06,0.00540501188433629,5.80938703995464e-06,0.0225096043907221,0,0.0146157588465788,5.28664171371778e-06,"-72.2187591361678","NA","-79.6359522704621","NA","-90.9916468594395","NA","-62.4839926821299","NA","-75.6404019223686","NA",0.00315477638190539,0.00212267455873368,0.00100518077182689,0.00504661115910261,0.00301295629484468,0.00833437225914966,3.99149014301509e-06,0.00610921431886136,3.71993150747649e-06,0.00270250594216814,2.90469351997732e-06,0.011254802195361,0,0.00730787942328942,2.64332085685889e-06
"Bilophila","Bacteria","Eubacteria","Proteobacteria","Deltaproteobacteria","Desulfovibrionales","Desulfovibrionaceae","Bilophila","Bilophila wadsworthia","D_0__Bacteria;D_1__Proteobacteria;D_2__Deltaproteobacteria;D_3__Desulfovibrionales;D_4__Desulfovibrionaceae;D_5__Bilophila","N",0.02,NA,NA,NA,NA,NA,NA,0.00821639937723465,0.0091894750019151,0.0136108489394466,0.0157180763505699,0.01333160313363,0.021701519893789,1.33049671433836e-05,0.0264158378743293,3.31932349897902e-05,0.0366230382974704,2.20756707518276e-05,0.0350426910617982,9.18213686689166e-06,0.0323183448421513,2.378988771173e-05,"8.50759946894486","NA","32.0791893716467","NA","83.1151914873522","NA","75.2134553089909","NA","61.5917242107566","NA",0.00410819968861733,0.00459473750095755,0.00680542446972331,0.00785903817528497,0.00666580156681498,0.0108507599468945,6.65248357169182e-06,0.0132079189371647,1.65966174948951e-05,0.0183115191487352,1.10378353759138e-05,0.0175213455308991,4.59106843344583e-06,0.0161591724210757,1.1894943855865e-05
"Clostridium","Bacteria","Eubacteria","Firmicutes","Clostridia","Clostridiales","Clostridiaceae","Clostridium","Clostridium beijerinckii","D_0__Bacteria;D_1__Firmicutes;D_2__Clostridia;D_3__Clostridiales;D_4__Clostridiaceae;D_5__Clostridium","P",NA,0.1,0.0045,0.05,0.018,NA,NA,NA,NA,NA,NA,NA,NA,NA,NA,NA,NA,NA,NA,NA,NA,NA,NA,NA,NA,NA,NA,NA,NA,NA,NA,NA,NA,NA,NA,NA,NA,NA,NA,NA,NA,NA,NA,NA,NA,NA,NA
"Lachnoclostridium","Bacteria","Eubacteria","Firmicutes","Clostridia","Clostridiales","Lachnospiraceae","Lachnoclostridium","Clostridium bolteae","D_0__Bacteria;D_1__Firmicutes;D_2__Clostridia;D_3__Clostridiales;D_4__Lachnospiraceae;D_5__Lachnoclostridium","P",0.06,NA,NA,NA,NA,NA,NA,0.0340924320111979,0.0380257874784435,0.0302102113509454,0.0226941334376328,0.0405791403186779,0.0900672130322854,4.25758948588276e-05,0.109226162597267,0.000180845900978857,0.0812699711942577,5.92557478075373e-05,0.0505728747657734,3.16273603192935e-05,0.0983994508955004,5.28664171371778e-05,"50.1120217204758","NA","82.0436043287778","NA","35.4499519904296","NA","-15.7118753903777","NA","63.9990848258341","NA",0.0170462160055989,0.0190128937392217,0.0151051056754727,0.0113470667188164,0.020289570159339,0.0450336065161427,2.12879474294138e-05,0.0546130812986333,9.04229504894285e-05,0.0406349855971289,2.96278739037687e-05,0.0252864373828867,1.58136801596468e-05,0.0491997254477502,2.64332085685889e-05
"Collinsella","Bacteria","Eubacteria","Actinobacteria","Coriobacteriia","Coriobacteriales","Coriobacteriaceae","Collinsella","Collinsella aerofaciens","D_0__Bacteria;D_1__Actinobacteria;D_2__Coriobacteriia;D_3__Coriobacteriales;D_4__Coriobacteriaceae;D_5__Collinsella","P",0.06,NA,NA,NA,NA,NA,NA,0.000154698618963238,0.000338178061025259,0.00039812755860876,0.00773129011472001,0.00132173788717751,0.000409008689794249,0,0.000936731839515225,2.00304004248734e-05,0.0010644744919643,4.64750963196371e-06,0.0172345630049286,6.12142457792778e-06,0.00319430982919682,9.25162299900611e-06,"-99.3183188503429","NA","-98.4387802674746","NA","-98.2258758467262","NA","-71.2757283251189","NA","-94.676150284672","NA",7.7349309481619e-05,0.000169089030512629,0.00019906377930438,0.00386564505736,0.000660868943588755,0.000204504344897124,0,0.000468365919757613,1.00152002124367e-05,0.00053223724598215,2.32375481598186e-06,0.00861728150246432,3.06071228896389e-06,0.00159715491459841,4.62581149950306e-06
"Coprobacillus","Bacteria","Eubacteria","Firmicutes","Erysipelotrichia","Erysipelotrichales","Erysipelotrichidae","Coprobacillus","Coprobacillus cateniformis","D_0__Bacteria;D_1__Firmicutes;D_2__Erysipelotrichi;D_3__Erysipelotrichales;D_4__Erysipelotrichidae;D_5__Coprobacillus","P",0.04,NA,NA,NA,NA,NA,NA,NA,NA,NA,NA,NA,NA,NA,NA,NA,NA,NA,NA,NA,NA,NA,NA,"NA",NA,"NA",NA,"NA",NA,"NA",NA,"NA",NA,NA,NA,NA,NA,NA,NA,NA,NA,NA,NA,NA,NA,NA,NA
"Cryptococcus","Bacteria","Fungi","Basidiomycota","Tremellomycetes","Tremellales","Tremellaceae","Cryptococcus","Cryptococcus neoformans","D_0__Bacteria;D_1__Basidiomycota;D_2__Tremellomycetes;D_3__Tremellales;D_4__Tremellaceae;D_5__Cryptococcus","Y",NA,NA,NA,NA,NA,0,0.019,NA,NA,NA,NA,NA,NA,NA,NA,NA,NA,NA,NA,NA,NA,NA,"NA",NA,"NA",NA,"NA",NA,"NA",NA,"NA",NA,NA,NA,NA,NA,NA,NA,NA,NA,NA,NA,NA,NA,NA,NA,NA
"Deinococcus","Bacteria","Eubacteria","Deinococcus-Thermus","Deinococci","Deinococcales","Deinococcaceae","Deinococcus","Deinococcus radiodurans","D_0__Bacteria;D_1__Deinococcus-Thermus;D_2__Deinococci;D_3__Deinococcales;D_4__Deinococcaceae;D_5__Deinococcus","P",NA,0.1,4e-04,0.05,2e-04,NA,NA,8.27265342049401e-07,7.47354830995047e-07,0,5.62766786629787e-07,0,2.18721224488903e-06,0,1.0767032638106e-06,5.72297154996383e-07,0,0,0,1.02023742965463e-06,0,0,NA,NA,NA,NA,NA,NA,NA,NA,NA,NA,4.136326710247e-07,3.73677415497523e-07,0,2.81383393314893e-07,0,1.09360612244452e-06,0,5.38351631905302e-07,2.86148577498192e-07,0,0,0,5.10118714827315e-07,0,0
"Enterococcus","Bacteria","Eubacteria","Firmicutes","Bacilli","Lactobacillales","Enterococcaceae; Streptococcaceae","Enterococcus","Enterococcus faecalis; Enterococcus gallinarum","D_0__Bacteria;D_1__Firmicutes;D_2__Bacilli;D_3__Lactobacillales;D_4__Enterococcaceae; Streptococcaceae;D_5__Enterococcus","P; N",0.06,0.1,NA,0.05,2e-04,0.104,0.114,0.0460927430629665,0.041644105892706,0.0235399310983645,0.0826659388216226,0.057003345916133,0.0145821440366752,0.0652608638382968,0.0202280242172098,0.0530273374904999,0.00564702734184388,0.0341057494341657,0.0694089016794035,0.0934425259446378,0.0294898532578566,0.076287561589376,"-75.6964266055414","-37.2491693862531","-66.2866263046503","-49.012175489904","-90.5882877635935","-67.2060101594561","15.6815027990058","-10.1514173609252","-50.850244570239","-26.6465753948308",0.0230463715314832,0.020822052946353,0.0117699655491823,0.0413329694108113,0.0285016729580665,0.00729107201833759,0.0326304319191484,0.0101140121086049,0.0265136687452499,0.00282351367092194,0.0170528747170829,0.0347044508397017,0.0467212629723189,0.0147449266289283,0.038143780794688
"Escherichia-Shigella","Bacteria","Eubacteria","Proteobacteria","Gammaproteobacteria","Enterobacterales","Enterobacteriaceae","Escherichia-Shigella","Escherichia coli","D_0__Bacteria;D_1__Proteobacteria;D_2__Gammaproteobacteria;D_3__Enterobacterales;D_4__Enterobacteriaceae;D_5__Escherichia","N",0.06,0.1,0.0448,0.05,0.18,0.1,0.116,0.130470498890637,0.129598427565436,0.141113938993709,0.0747404941655153,0.110432327175584,0.0808371773588537,0.160662800243215,0.0960710021200287,0.147419168749828,0.104505422720332,0.162731387885801,0.0669364221338377,0.0810843899592313,0.0991782289117096,0.118320328194718,"34.7286289314229","60.6628002432148","60.1183368667146","47.4191687498283","74.1757045338874","62.7313878858014","11.5607035563962","-18.9156100407687","65.2970481861826","18.3203281947176",0.0652352494453186,0.0647992137827178,0.0705569694968544,0.0373702470827577,0.0552161635877918,0.0404185886794269,0.0803314001216074,0.0480355010600144,0.0737095843749141,0.0522527113601662,0.0813656939429007,0.0334682110669189,0.0405421949796157,0.0495891144558548,0.0591601640973588
"Fusobacterium","Bacteria","Eubacteria","Fusobacteria","Fusobacteriia","Fusobacteriales","Fusobacteriaceae","Fusobacterium","Fusobacterium gonidiaformans; Fusobacterium varium","D_0__Bacteria;D_1__Fusobacteria;D_2__Fusobacteriia;D_3__Fusobacteriales;D_4__Fusobacteriaceae;D_5__Fusobacterium","N",0.12,NA,NA,NA,NA,NA,NA,0.113953319071279,0.0879083593506234,0.0975996926016942,0.0737798512607383,0.0827123522272177,0.301135381876322,8.91432798606704e-05,0.253038187434658,0.000137351317199132,0.262761888271498,7.08745218874466e-05,0.164456286687141,6.93761452165148e-05,0.200660735634091,4.22931337097422e-05,"150.946151563602","NA","110.865156195548","NA","118.968240226248","NA","37.0469055726175","NA","67.217279695076","NA",0.0569766595356394,0.0439541796753117,0.0487998463008471,0.0368899256303691,0.0413561761136089,0.150567690938161,4.45716399303352e-05,0.126519093717329,6.8675658599566e-05,0.131380944135749,3.54372609437233e-05,0.0822281433435705,3.46880726082574e-05,0.100330367817046,2.11465668548711e-05
"Helicobacter","Bacteria","Eubacteria","Proteobacteria","Epsilonproteobacteria","Campylobacterales","Helicobacteraceae","Helicobacter","Helicobacter pylori","D_0__Bacteria;D_1__Proteobacteria;D_2__Epsilonproteobacteria;D_3__Campylobacterales;D_4__Helicobacteraceae;D_5__Helicobacter","N",NA,NA,NA,0.05,0.0018,NA,NA,8.27265342049401e-07,0,1.46101856370187e-06,5.62766786629787e-07,0,0,1.33049671433836e-06,0,0,0,2.32375481598186e-06,0,1.02023742965463e-06,0,0,NA,NA,NA,NA,NA,NA,NA,NA,NA,NA,4.136326710247e-07,0,7.30509281850935e-07,2.81383393314893e-07,0,0,6.65248357169182e-07,0,0,0,1.16187740799093e-06,0,5.10118714827315e-07,0,0
"Lactobacillus","Bacteria","Eubacteria","Firmicutes","Bacilli","Lactobacillales","Lactobacillaceae ","Lactobacillus","Lactobacillus fermentum; Lactobacillus gasseri; Lactobacillus iners","D_0__Bacteria;D_1__Firmicutes;D_2__Bacilli;D_3__Lactobacillales;D_4__Lactobacillaceae ;D_5__Lactobacillus","P",0.04,0.1,0.0045,0.05,0.0018,0.188,0.12,0.14016770323014,0.123658825046102,0.137072761646509,0.0520272266571371,0.113050160768706,0.0598224421099599,0.189042295160052,0.0283991252862685,0.174291953959838,0.0245970344252231,0.203490047358123,0.035107954481275,0.0657808285144119,0.0176384735196618,0.179924242424242,"49.5561052748998","0.554412319176654","-29.0021867843288","-7.29151385114974","-38.5074139369422","8.2393868926187","-12.2301137968124","-65.0101975987171","-55.9038162008455","-4.29561573178594",0.0700838516150701,0.0618294125230512,0.0685363808232547,0.0260136133285686,0.056525080384353,0.02991122105498,0.0945211475800261,0.0141995626431342,0.0871459769799192,0.0122985172126116,0.101745023679062,0.0175539772406375,0.0328904142572059,0.00881923675983089,0.0899621212121212
"Listeria","Bacteria","Eubacteria","Firmicutes","Bacilli","Bacillales","Listeriaceae","Listeria","Listeria monocytogenes","D_0__Bacteria;D_1__Firmicutes;D_2__Bacilli;D_3__Bacillales;D_4__Listeriaceae;D_5__Listeria","P",NA,NA,NA,NA,NA,0.159,0.125,0.0418769988798827,0.0520196330114102,0.0308114204899087,0.0827255921010054,0.0731936637393138,4.37442448977806e-05,0.0673244642422356,0.00176794675917701,0.0787297750185424,4.91901336397551e-05,0.0489766183790416,0.00264818875184965,0.1478201607078,0.000118796646540378,0.124411861109349,"NA","-57.6575696589714","NA","-50.4844182273318","NA","-69.1970953590933","NA","-7.03134546679251","NA","-21.7535464721076",0.0209384994399414,0.0260098165057051,0.0154057102449544,0.0413627960505027,0.0365968318696569,2.18721224488903e-05,0.0336622321211178,0.000883973379588506,0.0393648875092712,2.45950668198775e-05,0.0244883091895208,0.00132409437592483,0.0739100803539,5.93983232701888e-05,0.0622059305546745
"Neisseria","Bacteria","Eubacteria","Proteobacteria","Betaproteobacteria","Neisseriales","Neisseriaceae","Neisseria","Neisseria meningitidis","D_0__Bacteria;D_1__Proteobacteria;D_2__Betaproteobacteria;D_3__Neisseriales;D_4__Neisseriaceae;D_5__Neisseria","N",NA,NA,NA,0.05,0.0018,NA,NA,8.27265342049401e-07,7.47354830995047e-07,1.46101856370187e-06,0,0,0,1.33049671433836e-06,1.0767032638106e-06,5.72297154996383e-07,0,2.32375481598186e-06,0,0,0,0,NA,NA,NA,NA,NA,NA,NA,NA,NA,NA,4.136326710247e-07,3.73677415497523e-07,7.30509281850935e-07,0,0,0,6.65248357169182e-07,5.38351631905302e-07,2.86148577498192e-07,0,1.16187740799093e-06,0,0,0,0
"Paenibacillus","Bacteria","Eubacteria","Firmicutes","Bacilli","Bacillales","Paenibacillaceae ","Paenibacillus","Paenibacillus barengoltzii","D_0__Bacteria;D_1__Firmicutes;D_2__Bacilli;D_3__Bacillales;D_4__Paenibacillaceae ;D_5__Paenibacillus","P",0.04,NA,NA,NA,NA,NA,NA,0.0178697586536091,0.020817568817367,0.0215354136289656,0.0111861154178403,0.0215876084547711,0.0472197251549093,1.59659605720604e-05,0.0599196133343239,3.37655321447866e-05,0.0579813943238521,1.39425288958911e-05,0.024924350911366,1.83642737337833e-05,0.0523685788526884,1.32166042842944e-05,"18.0493128872733","NA","49.7990333358097","NA","44.9534858096302","NA","-37.689122721585","NA","30.921447131721","NA",0.00893487932680456,0.0104087844086835,0.0107677068144828,0.00559305770892013,0.0107938042273855,0.0236098625774547,7.98298028603018e-06,0.0299598066671619,1.68827660723933e-05,0.028990697161926,6.97126444794557e-06,0.012462175455683,9.18213686689166e-06,0.0261842894263442,6.60830214214722e-06
"Parabacteroides","Bacteria","Eubacteria","Bacteroidetes","Bacteroidia","Bacteroidales","Porphyromonadaceae","Parabacteroides","Parabacteroides merdae","D_0__Bacteria;D_1__Bacteroidetes;D_2__Bacteroidia;D_3__Bacteroidales;D_4__Porphyromonadaceae;D_5__Parabacteroides","N",0.06,NA,NA,NA,NA,NA,NA,0.0483528319774454,0.0394177358511718,0.0527676074652205,0.0359315337927386,0.049442787631455,0.127752880011723,5.32198685735346e-05,0.113175510168924,0.000213466838813651,0.141998142580554,7.66839089274013e-05,0.0800807258296298,4.28499720454944e-05,0.119894101275084,6.34397005646133e-05,"112.921466686206","NA","88.62585028154","NA","136.66357096759","NA","33.4678763827164","NA","99.82350212514","NA",0.0241764159887227,0.0197088679255859,0.0263838037326102,0.0179657668963693,0.0247213938157275,0.0638764400058617,2.66099342867673e-05,0.056587755084462,0.000106733419406825,0.0709990712902769,3.83419544637006e-05,0.0400403629148149,2.14249860227472e-05,0.059947050637542,3.17198502823067e-05
"Pediococcus","Bacteria","Eubacteria","Firmicutes","Bacilli","Lactobacillales","Lactobacillaceae ","Pediococcus","Pediococcus acidilactici","D_0__Bacteria;D_1__Firmicutes;D_2__Bacilli;D_3__Lactobacillales;D_4__Lactobacillaceae ;D_5__Pediococcus","P",0.04,NA,NA,NA,NA,NA,NA,0.00684810250148494,0.00763236121153692,0.0024625467891195,0.0288389839808434,0.0110222527510952,0.0180969941142118,5.32198685735346e-06,0.0219658232850001,1.37351317199132e-05,0.00661902438256544,8.1331418559365e-06,0.0642945087107839,1.73440363041287e-05,0.0267424450989783,3.96498128528833e-06,"-54.7575147144704","NA","-45.0854417874997","NA","-83.4524390435864","NA","60.7362717769598","NA","-33.1438872525541","NA",0.00342405125074247,0.00381618060576846,0.00123127339455975,0.0144194919904217,0.00551112637554762,0.00904849705710592,2.66099342867673e-06,0.0109829116425001,6.8675658599566e-06,0.00330951219128272,4.06657092796825e-06,0.032147254355392,8.67201815206435e-06,0.0133712225494892,1.98249064264417e-06
"Porphyromonadaceae","Bacteria","Eubacteria","Bacteroidetes","Bacteroidia","Bacteroidales","Porphyromonadaceae","Porphyromonadaceae","Porphyromonas gingivalis","D_0__Bacteria;D_1__Bacteroidetes;D_2__Bacteroidia;D_3__Bacteroidales;D_4__Porphyromonadaceae;D_5__Porphyromonadaceae","N",NA,NA,NA,0.05,0.18,NA,NA,NA,NA,NA,NA,NA,NA,NA,NA,NA,NA,NA,NA,NA,NA,NA,NA,NA,NA,NA,NA,NA,NA,NA,NA,NA,NA,NA,NA,NA,NA,NA,NA,NA,NA,NA,NA,NA,NA,NA,NA
"Propionibacterium","Bacteria","Eubacteria","Actinobacteria","Actinobacteria","Actinomycetales","Propionibacteriaceae","Propionibacterium","Propionibacterium acnes","D_0__Bacteria;D_1__Actinobacteria;D_2__Actinobacteria;D_3__Actinomycetales;D_4__Propionibacteriaceae;D_5__Propionibacterium","P",0.06,NA,NA,0.05,0.0018,NA,NA,NA,NA,NA,NA,NA,NA,NA,NA,NA,NA,NA,NA,NA,NA,NA,NA,"NA",NA,"NA",NA,"NA",NA,"NA",NA,"NA",NA,NA,NA,NA,NA,NA,NA,NA,NA,NA,NA,NA,NA,NA,NA
"Pseudomonas","Bacteria","Eubacteria","Proteobacteria","Gammaproteobacteria","Pseudomonadales","Pseudomonadaceae","Pseudomonas","Pseudomonas aeruginosa","D_0__Bacteria;D_1__Proteobacteria;D_2__Gammaproteobacteria;D_3__Pseudomonadales;D_4__Pseudomonadaceae;D_5__Pseudomonas","N",NA,NA,NA,0.05,0.018,0.046,0.121,0.0224850719969027,0.0307921400692424,0.0898847840760665,0.035946165729191,0.0468288392173074,2.84337591835574e-05,0.0361456042384303,0.00117252985428975,0.0465357708613759,9.24774512427395e-05,0.14290743555066,0.000940044253618668,0.0644024877469485,7.91977643602518e-05,0.0795956776417349,"NA","-21.4225994816732","NA","1.16471926386064","NA","210.668338153609","NA","40.0054081455402","NA","73.0340818298584",0.0112425359984514,0.0153960700346212,0.0449423920380332,0.0179730828645955,0.0234144196086537,1.42168795917787e-05,0.0180728021192152,0.000586264927144874,0.0232678854306879,4.62387256213698e-05,0.0714537177753301,0.000470022126809334,0.0322012438734742,3.95988821801259e-05,0.0397978388208674
"Pyramidobacter","Bacteria","Eubacteria","Synergistetes","Synergistia","Synergistales","Synergistaceae","Pyramidobacter","Pyramidobacter piscolens","D_0__Bacteria;D_1__Synergistetes;D_2__Synergistia;D_3__Synergistales;D_4__Synergistaceae;D_5__Pyramidobacter","N",0.02,NA,NA,NA,NA,NA,NA,0.00480310257593882,0.00273494500402637,0.00262837239609966,0.00484091989858943,0.0020676922503112,0.0126945798693359,2.66099342867673e-06,0.00787823778130219,1.14459430999277e-06,0.00707550882274237,2.32375481598186e-06,0.0107910553973475,4.08094971861852e-06,0.00501020142631402,5.28664171371778e-06,"-36.5271006533203","NA","-60.6088110934891","NA","-64.6224558862882","NA","-46.0447230132623","NA","-74.9489928684299","NA",0.00240155128796941,0.00136747250201319,0.00131418619804983,0.00242045994929471,0.0010338461251556,0.00634728993466797,1.33049671433836e-06,0.00393911889065109,5.72297154996383e-07,0.00353775441137118,1.16187740799093e-06,0.00539552769867377,2.04047485930926e-06,0.00250510071315701,2.64332085685889e-06
"Ralstonia","Bacteria","Eubacteria","Proteobacteria","Betaproteobacteria","Burkholderiales","Bukerholderiaceae","Ralstonia","Ralstonia pickettii","D_0__Bacteria;D_1__Proteobacteria;D_2__Betaproteobacteria;D_3__Burkholderiales;D_4__Bukerholderiaceae;D_5__Ralstonia","N",0.06,NA,NA,NA,NA,NA,NA,0.0145846879803309,0.0115757789772823,0.0345874229677962,0.0284731855695341,0.0391773677446225,0.0385430541794345,1.06439737147069e-05,0.033330426234521,1.25905374099204e-05,0.0931484046655858,6.97126444794557e-06,0.063484991296119,1.22428491558556e-05,0.0950618308260327,7.92996257057667e-06,"-35.7615763676091","NA","-44.4492896091316","NA","55.2473411093097","NA","5.80831882686493","NA","58.4363847100545","NA",0.00729234399016547,0.00578788948864114,0.0172937114838981,0.014236592784767,0.0195886838723113,0.0192715270897173,5.32198685735346e-06,0.0166652131172605,6.29526870496021e-06,0.0465742023327929,3.48563222397278e-06,0.0317424956480595,6.12142457792778e-06,0.0475309154130163,3.96498128528833e-06
"Rhodobacter","Bacteria","Eubacteria","Proteobacteria","Alphaproteobacteria","Rhodobacterales","Rhodbacteraceae","Rhodobacter","Rhodobacter sphaeroides","D_0__Bacteria;D_1__Proteobacteria;D_2__Alphaproteobacteria;D_3__Rhodobacterales;D_4__Rhodbacteraceae;D_5__Rhodobacter","N",NA,0.1,0.4478,0.05,0.18,NA,NA,8.27265342049401e-07,2.61574190848266e-06,2.92203712740374e-06,1.12553357325957e-06,1.55407158986186e-06,0,1.33049671433836e-06,0,4.00608008497468e-06,1.9676053455902e-06,3.48563222397278e-06,0,2.04047485930926e-06,3.77132211239294e-06,0,NA,NA,NA,NA,NA,NA,NA,NA,NA,NA,4.136326710247e-07,1.30787095424133e-06,1.46101856370187e-06,5.62766786629787e-07,7.77035794930929e-07,0,6.65248357169182e-07,0,2.00304004248734e-06,9.83802672795102e-07,1.74281611198639e-06,0,1.02023742965463e-06,1.88566105619647e-06,0
"Saccharomyces","Eukaryota","Fungi","Ascomycota","Saccharomycetes","Saccharomycetales","Saccharomycetaceae","Saccharomyces","Saccharomyces cerevisiae","D_0__Eukaryota;D_1__Ascomycota;D_2__Saccharomycetes;D_3__Saccharomycetales;D_4__Saccharomycetaceae;D_5__Saccharomyces","Y",NA,NA,NA,NA,NA,0,0.019,NA,NA,NA,NA,NA,NA,NA,NA,NA,NA,NA,NA,NA,NA,NA,"NA",NA,"NA",NA,"NA",NA,"NA",NA,"NA",NA,NA,NA,NA,NA,NA,NA,NA,NA,NA,NA,NA,NA,NA,NA,NA
"Salmonella","Bacteria","Eubacteria","Proteobacteria","Gammaproteobacteria","Enterobacterales","Enterobacteriaceae","Salmonella","Salmonella enterica","D_0__Bacteria;D_1__Proteobacteria;D_2__Gammaproteobacteria;D_3__Enterobacterales;D_4__Enterobacteriaceae;D_5__Salmonella","N",NA,NA,NA,NA,NA,0.103,0.102,NA,NA,NA,NA,NA,NA,NA,NA,NA,NA,NA,NA,NA,NA,NA,"NA",NA,"NA",NA,"NA",NA,"NA",NA,"NA",NA,NA,NA,NA,NA,NA,NA,NA,NA,NA,NA,NA,NA,NA,NA,NA
"Staphylococcus","Bacteria","Eubacteria","Firmicutes","Bacilli","Bacillales","Staphylococcaceae","Staphylococcus","Staphylococcus aureus; Staphylococcus epidermidis","D_0__Bacteria;D_1__Firmicutes;D_2__Bacilli;D_3__Bacillales;D_4__Staphylococcaceae;D_5__Staphylococcus","P",NA,0.1,0.4478,0.1,0.198,0.133,0.13,0.0413541671837075,0.0581408427546752,0.0249132885482443,0.108335420260167,0.0525734648492317,6.12419428568929e-05,0.066472946345059,0.00217063377984218,0.0878905355785695,6.68985817500669e-05,0.0395851632902509,0.00342883965405367,0.193613517737848,0.000209308377237808,0.0892755186195521,"NA","-50.0203410939406","NA","-33.9168905424289","NA","-70.2367193306384","NA","45.5740734871037","NA","-32.8755499101112",0.0206770835918538,0.0290704213773376,0.0124566442741221,0.0541677101300835,0.0262867324246159,3.06209714284464e-05,0.0332364731725295,0.00108531688992109,0.0439452677892848,3.34492908750334e-05,0.0197925816451255,0.00171441982702684,0.096806758868924,0.000104654188618904,0.0446377593097761
"Streptococcus","Bacteria","Eubacteria","Firmicutes","Bacilli","Lactobacillales","Streptococcaceae","Streptococcus","Streptococcus agalactiae; Streptococcus mutans","D_0__Bacteria;D_1__Firmicutes;D_2__Bacilli;D_3__Lactobacillales;D_4__Streptococcaceae;D_5__Streptococcus","P",NA,0.1,NA,0.1,0.198,NA,NA,3.7226940392223e-05,0.000151339353276497,3.87169919380996e-05,0.000714151052233199,9.55754027765043e-05,7.43652163262271e-05,1.4635463857722e-05,0.000263792299633598,9.15675447994213e-05,2.75464748382628e-05,4.53132189116462e-05,0.00155628154137136,2.95868854599842e-05,0.000179137800338665,3.70064919960244e-05,NA,NA,NA,NA,NA,NA,NA,NA,NA,NA,1.86134701961115e-05,7.56696766382485e-05,1.93584959690498e-05,0.0003570755261166,4.77877013882522e-05,3.71826081631135e-05,7.317731928861e-06,0.000131896149816799,4.57837723997106e-05,1.37732374191314e-05,2.26566094558231e-05,0.00077814077068568,1.47934427299921e-05,8.95689001693324e-05,1.85032459980122e-05
"Subdoligranulum","Bacteria","Eubacteria","Firmicutes","Clostridia","Clostridiales","Ruminococcaceae","Subdoligranulum","Subdoligranulum variabile","D_0__Bacteria;D_1__Firmicutes;D_2__Clostridia;D_3__Clostridiales;D_4__Ruminococcaceae;D_5__Subdoligranulum","N",0.02,NA,NA,NA,NA,NA,NA,0.00170333933927972,0.00309031222616452,0.00365546844638208,0.0112649027679684,0.0039318011223505,0.00444004085712473,3.85844047158126e-05,0.00771134877541154,0.000634105247735992,0.00964323379873758,0.000119673373023066,0.0248942293331459,0.000185683212197143,0.0092416248364189,0.000210144008120282,"-77.7997957143763","NA","-61.4432561229423","NA","-51.7838310063121","NA","24.4711466657296","NA","-53.7918758179055","NA",0.000851669669639858,0.00154515611308226,0.00182773422319104,0.00563245138398422,0.00196590056117525,0.00222002042856237,1.92922023579063e-05,0.00385567438770577,0.000317052623867996,0.00482161689936879,5.98366865115328e-05,0.012447114666573,9.28416060985713e-05,0.00462081241820945,0.000105072004060141
"Candidatus Stoquefichus",NA,NA,NA,NA,NA,NA,NA,NA,NA,NA,NA,NA,NA,NA,NA,NA,NA,0.015305236093256,0.0116620984602622,0.0114076329453842,0.00642004350187261,0.0130106873503235,0.0404524904692226,7.98298028603018e-06,0.0335683776558232,1.83135089598843e-05,0.0307005462072439,1.51044063038821e-05,0.0143115148518207,5.10118714827315e-06,0.0315621947586165,7.92996257057667e-06,NA,NA,NA,NA,NA,NA,NA,NA,NA,NA,0.00765261804662798,0.0058310492301311,0.0057038164726921,0.0032100217509363,0.00650534367516174,0.0202262452346113,3.99149014301509e-06,0.0167841888279116,9.15675447994213e-06,0.015350273103622,7.55220315194103e-06,0.00715575742591033,2.55059357413657e-06,0.0157810973793083,3.96498128528833e-06
"Carnobacterium",NA,NA,NA,NA,NA,NA,NA,NA,NA,NA,NA,NA,NA,NA,NA,NA,NA,0.000169589395120127,0.000202906836615155,0.000108115373713938,0.000626359433518953,0.000225340380529969,0,0.000272751826439365,5.38351631905302e-06,0.000307895869388054,0,0.000171957856382657,1.00405260733636e-05,0.00112736235976837,0,0.000383281524244539,NA,NA,NA,NA,NA,NA,NA,NA,NA,NA,8.47946975600636e-05,0.000101453418307578,5.40576868569692e-05,0.000313179716759476,0.000112670190264985,0,0.000136375913219682,2.69175815952651e-06,0.000153947934694027,0,8.59789281913287e-05,5.02026303668181e-06,0.000563681179884183,0,0.000191640762122269
"Faecalibacterium",NA,NA,NA,NA,NA,NA,NA,NA,NA,NA,NA,NA,NA,NA,NA,NA,NA,0.000282924746980895,0.0027308345524559,0.00012491708719651,0.0101540011311612,0.00146548950923973,0.000599296155099595,9.04737765750088e-05,0.00508849962476891,0.00147767125420066,7.87042138236081e-05,0.000152205940446812,0.0222849476198305,0.000292808142310879,0.00292654595921692,0.000441434583095434,NA,NA,NA,NA,NA,NA,NA,NA,NA,NA,0.000141462373490448,0.00136541727622795,6.2458543598255e-05,0.00507700056558062,0.000732744754619866,0.000299648077549797,4.52368882875044e-05,0.00254424981238446,0.000738835627100331,3.93521069118041e-05,7.61029702234058e-05,0.0111424738099153,0.000146404071155439,0.00146327297960846,0.000220717291547717
"Tyzzerella 3",NA,NA,NA,NA,NA,NA,NA,NA,NA,NA,NA,NA,NA,NA,NA,NA,NA,2.4817960261482e-06,3.51256770567672e-05,7.30509281850935e-07,0.000139003396297557,2.25340380529969e-05,0,3.99149014301509e-06,6.02953827733938e-05,2.17472918898626e-05,0,1.16187740799093e-06,0.00030498097947842,4.08094971861852e-06,4.52558653487153e-05,6.60830214214722e-06,NA,NA,NA,NA,NA,NA,NA,NA,NA,NA,1.2408980130741e-06,1.75628385283836e-05,3.65254640925468e-07,6.95016981487787e-05,1.12670190264985e-05,0,1.99574507150755e-06,3.01476913866969e-05,1.08736459449313e-05,0,5.80938703995464e-07,0.00015249048973921,2.04047485930926e-06,2.26279326743576e-05,3.30415107107361e-06
"Serratia",NA,NA,NA,NA,NA,NA,NA,NA,NA,NA,NA,NA,NA,NA,NA,NA,NA,0.0223973818706455,0.0206983657218233,0.0230380712217329,0.0114371094046772,0.0133712319591714,0.0114369328285247,0.0290647007247216,0.0116068611838783,0.0255307483815436,0.0125356136567552,0.0292398068494997,0.0083675234163894,0.0139323623393636,0.00942076263675757,0.0161401171519804,NA,NA,NA,NA,NA,NA,NA,NA,NA,NA,0.0111986909353227,0.0103491828609117,0.0115190356108665,0.00571855470233858,0.00668561597958572,0.00571846641426237,0.0145323503623608,0.00580343059193915,0.0127653741907718,0.00626780682837759,0.0146199034247498,0.0041837617081947,0.00696618116968181,0.00471038131837878,0.00807005857599019
"Ruminococcaceae UCG-003",NA,NA,NA,NA,NA,NA,NA,NA,NA,NA,NA,NA,NA,NA,NA,NA,NA,1.07544494466422e-05,0.000304547093630482,1.1688148509615e-05,2.70128057582298e-05,6.29398993894053e-05,2.40593346937793e-05,2.66099342867673e-06,0.000717084373697862,8.52722760944611e-05,1.37732374191314e-05,1.04568966719184e-05,5.02026303668181e-05,8.16189943723703e-06,0.000130110612877556,1.58599251411533e-05,NA,NA,NA,NA,NA,NA,NA,NA,NA,NA,5.37722472332111e-06,0.000152273546815241,5.84407425480748e-06,1.35064028791149e-05,3.14699496947026e-05,1.20296673468897e-05,1.33049671433836e-06,0.000358542186848931,4.26361380472305e-05,6.88661870956571e-06,5.22844833595918e-06,2.5101315183409e-05,4.08094971861852e-06,6.50553064387782e-05,7.92996257057667e-06
"Lachnospira",NA,NA,NA,NA,NA,NA,NA,NA,NA,NA,NA,NA,NA,NA,NA,NA,NA,4.96359205229641e-05,0.000373303738082026,5.99017611117767e-05,0.000292638729047489,0.00014219755047236,0.000102798975509784,1.72964572863987e-05,0.00071277756064262,0.000192864141233781,1.37732374191314e-05,8.71408055993196e-05,0.00063757340565859,1.22428491558556e-05,0.000296048785822846,3.43631711391656e-05,NA,NA,NA,NA,NA,NA,NA,NA,NA,NA,2.4817960261482e-05,0.000186651869041013,2.99508805558883e-05,0.000146319364523745,7.109877523618e-05,5.13994877548922e-05,8.64822864319937e-06,0.00035638878032131,9.64320706168906e-05,6.88661870956571e-06,4.35704027996598e-05,0.000318786702829295,6.12142457792778e-06,0.000148024392911423,1.71815855695828e-05
"Akkermansia",NA,NA,NA,NA,NA,NA,NA,NA,NA,NA,NA,NA,NA,NA,NA,NA,NA,0.00015138955759504,0.00153282475837084,0.000308274916941095,0.00346045297098656,0.00341351824713157,0.00022528286122357,0.000106439737147069,0.00339484539079483,0.000543110000091568,0.000145602795573675,0.000404333337980843,0.00750278310832096,0.000174460600470942,0.00774252429674271,0.000379316542959251,NA,NA,NA,NA,NA,NA,NA,NA,NA,NA,7.56947787975202e-05,0.000766412379185421,0.000154137458470547,0.00173022648549328,0.00170675912356579,0.000112641430611785,5.32198685735346e-05,0.00169742269539742,0.000271555000045784,7.28013977868375e-05,0.000202166668990421,0.00375139155416048,8.72303002354708e-05,0.00387126214837135,0.000189658271479625
"Adlercreutzia",NA,NA,NA,NA,NA,NA,NA,NA,NA,NA,NA,NA,NA,NA,NA,NA,NA,8.27265342049401e-07,8.59458055644304e-06,1.46101856370187e-06,0.000156449166683081,1.24325727188949e-05,2.18721224488903e-06,0,1.39971424295378e-05,5.72297154996383e-06,1.9676053455902e-06,1.16187740799093e-06,0.000343888018012704,4.08094971861852e-06,2.26279326743576e-05,5.28664171371778e-06,NA,NA,NA,NA,NA,NA,NA,NA,NA,NA,4.136326710247e-07,4.29729027822152e-06,7.30509281850935e-07,7.82245833415403e-05,6.21628635944743e-06,1.09360612244452e-06,0,6.99857121476892e-06,2.86148577498192e-06,9.83802672795102e-07,5.80938703995464e-07,0.000171944009006352,2.04047485930926e-06,1.13139663371788e-05,2.64332085685889e-06
"Ruminococcaceae UCG-014",NA,NA,NA,NA,NA,NA,NA,NA,NA,NA,NA,NA,NA,NA,NA,NA,NA,3.88814710763218e-05,0.000183101933593787,4.74831033203108e-05,0.000428828291411897,0.000163177516935495,8.09268530608942e-05,1.33049671433836e-05,0.000403763723928976,6.58141728245841e-05,4.13197122573943e-05,5.11226059516008e-05,0.000933768924822816,1.83642737337833e-05,0.000356389939621133,2.77548689970183e-05,NA,NA,NA,NA,NA,NA,NA,NA,NA,NA,1.94407355381609e-05,9.15509667968933e-05,2.37415516601554e-05,0.000214414145705949,8.15887584677476e-05,4.04634265304471e-05,6.65248357169182e-06,0.000201881861964488,3.2907086412292e-05,2.06598561286971e-05,2.55613029758004e-05,0.000466884462411408,9.18213686689166e-06,0.000178194969810566,1.38774344985092e-05
"Erysipelotrichaceae UCG-003",NA,NA,NA,NA,NA,NA,NA,NA,NA,NA,NA,NA,NA,NA,NA,NA,NA,7.44538807844461e-06,0.000116587353635227,6.57458353665842e-06,0.000816011840613191,7.77035794930929e-05,1.74976979591123e-05,1.33049671433836e-06,0.000187346367903045,7.89770073895009e-05,1.9676053455902e-06,9.29501926392742e-06,0.00179976429865043,1.63237988744741e-05,0.000156509867664307,2.24682272833006e-05,NA,NA,NA,NA,NA,NA,NA,NA,NA,NA,3.7226940392223e-06,5.82936768176137e-05,3.28729176832921e-06,0.000408005920306595,3.88517897465465e-05,8.74884897955613e-06,6.65248357169182e-07,9.36731839515225e-05,3.94885036947504e-05,9.83802672795102e-07,4.64750963196371e-06,0.000899882149325214,8.16189943723703e-06,7.82549338321535e-05,1.12341136416503e-05
"Lachnospiraceae FCS020 group",NA,NA,NA,NA,NA,NA,NA,NA,NA,NA,NA,NA,NA,NA,NA,NA,NA,4.96359205229641e-06,1.71891611128861e-05,7.30509281850935e-06,0.000175020470641864,7.77035794930929e-06,1.31232734693342e-05,0,2.15340652762121e-05,1.4879726029906e-05,5.90281603677061e-06,8.1331418559365e-06,0.000385305188065329,4.08094971861852e-06,1.69709495057682e-05,1.32166042842944e-06,NA,NA,NA,NA,NA,NA,NA,NA,NA,NA,2.4817960261482e-06,8.59458055644304e-06,3.65254640925468e-06,8.75102353209318e-05,3.88517897465465e-06,6.5616367346671e-06,0,1.0767032638106e-05,7.43986301495298e-06,2.9514080183853e-06,4.06657092796825e-06,0.000192652594032664,2.04047485930926e-06,8.48547475288412e-06,6.60830214214722e-07
"Ruminococcaceae UCG-013",NA,NA,NA,NA,NA,NA,NA,NA,NA,NA,NA,NA,NA,NA,NA,NA,NA,1.15817147886916e-05,8.89352248884106e-05,1.1688148509615e-05,0.000504239040820289,5.98317562096816e-05,2.40593346937793e-05,3.99149014301509e-06,0.000183039554847803,3.8916206539754e-05,9.83802672795102e-06,1.27806514879002e-05,0.00111198826262502,1.02023742965463e-05,0.000109368341259395,2.51115481401594e-05,NA,NA,NA,NA,NA,NA,NA,NA,NA,NA,5.79085739434581e-06,4.44676124442053e-05,5.84407425480748e-06,0.000252119520410144,2.99158781048408e-05,1.20296673468897e-05,1.99574507150755e-06,9.15197774239013e-05,1.9458103269877e-05,4.91901336397551e-06,6.3903257439501e-06,0.00055599413131251,5.10118714827315e-06,5.46841706296977e-05,1.25557740700797e-05
"Lachnospiraceae UCG-001",NA,NA,NA,NA,NA,NA,NA,NA,NA,NA,NA,NA,NA,NA,NA,NA,NA,2.23361642353338e-05,0.000310525932278442,2.04542598918262e-05,0.000222855647505396,5.67236130299578e-05,5.24930938773368e-05,3.99149014301509e-06,0.0005889566853044,0.000162532392018973,1.57408427647216e-05,2.32375481598186e-05,0.000485710448798965,9.18213686689166e-06,0.000116910985484181,1.45382647127239e-05,NA,NA,NA,NA,NA,NA,NA,NA,NA,NA,1.11680821176669e-05,0.000155262966139221,1.02271299459131e-05,0.000111427823752698,2.83618065149789e-05,2.62465469386684e-05,1.99574507150755e-06,0.0002944783426522,8.12661960094864e-05,7.87042138236081e-06,1.16187740799093e-05,0.000242855224399482,4.59106843344583e-06,5.84554927420906e-05,7.26913235636194e-06
"Ruminococcus 2",NA,NA,NA,NA,NA,NA,NA,NA,NA,NA,NA,NA,NA,NA,NA,NA,NA,0.000202680008802103,0.000898694184271544,0.000117611994378001,0.0121872775312547,0.00141420514677429,0.000409008689794249,7.71688094316251e-05,0.00155691291947013,0.000548832971641531,8.26394245147885e-05,0.00013826341155092,0.0268257755365092,0.000287706955162605,0.00303402863942012,0.000278870350398613,NA,NA,NA,NA,NA,NA,NA,NA,NA,NA,0.000101340004401052,0.000449347092135772,5.88059971890003e-05,0.00609363876562733,0.000707102573387146,0.000204504344897124,3.85844047158126e-05,0.000778456459735066,0.000274416485820766,4.13197122573943e-05,6.91317057754602e-05,0.0134128877682546,0.000143853477581303,0.00151701431971006,0.000139435175199306
"Fusicatenibacter",NA,NA,NA,NA,NA,NA,NA,NA,NA,NA,NA,NA,NA,NA,NA,NA,NA,3.7226940392223e-05,0.000217106578404061,3.14118991195902e-05,0.00129717744318166,0.000109562047085261,9.40501265302284e-05,2.66099342867673e-06,0.000355312077057499,0.000143646585904092,5.90281603677061e-06,4.64750963196371e-05,0.0028502543390761,3.46880726082574e-05,0.000199880071956826,4.62581149950306e-05,NA,NA,NA,NA,NA,NA,NA,NA,NA,NA,1.86134701961115e-05,0.000108553289202031,1.57059495597951e-05,0.000648588721590829,5.47810235426305e-05,4.70250632651142e-05,1.33049671433836e-06,0.00017765603852875,7.18232929520461e-05,2.9514080183853e-06,2.32375481598186e-05,0.00142512716953805,1.73440363041287e-05,9.9940035978413e-05,2.31290574975153e-05
"Ruminococcaceae UCG-004",NA,NA,NA,NA,NA,NA,NA,NA,NA,NA,NA,NA,NA,NA,NA,NA,NA,2.4817960261482e-06,4.07308382892301e-05,3.65254640925468e-06,0.000373114379535549,2.56421812327207e-05,6.5616367346671e-06,0,6.56788990924468e-05,2.74702634398264e-05,0,5.80938703995464e-06,0.000827088335293328,4.08094971861852e-06,5.27985095735012e-05,6.60830214214722e-06,NA,NA,NA,NA,NA,NA,NA,NA,NA,NA,1.2408980130741e-06,2.0365419144615e-05,1.82627320462734e-06,0.000186557189767774,1.28210906163603e-05,3.28081836733355e-06,0,3.28394495462234e-05,1.37351317199132e-05,0,2.90469351997732e-06,0.000413544167646664,2.04047485930926e-06,2.63992547867506e-05,3.30415107107361e-06
"Clostridium sensu stricto 1",NA,NA,NA,NA,NA,NA,NA,NA,NA,NA,NA,NA,NA,NA,NA,NA,NA,1.2408980130741e-05,1.90575481903737e-05,8.76611138221122e-06,8.49777847810978e-05,2.25340380529969e-05,2.18721224488903e-06,1.86269540007371e-05,2.90709881228863e-05,1.37351317199132e-05,9.83802672795102e-06,8.1331418559365e-06,0.000164413614451329,2.04047485930926e-05,3.205623795534e-05,1.58599251411533e-05,NA,NA,NA,NA,NA,NA,NA,NA,NA,NA,6.20449006537051e-06,9.52877409518685e-06,4.38305569110561e-06,4.24888923905489e-05,1.12670190264985e-05,1.09360612244452e-06,9.31347700036855e-06,1.45354940614431e-05,6.8675658599566e-06,4.91901336397551e-06,4.06657092796825e-06,8.22068072256646e-05,1.02023742965463e-05,1.602811897767e-05,7.92996257057667e-06
"Gossypium arboreum",NA,NA,NA,NA,NA,NA,NA,NA,NA,NA,NA,NA,NA,NA,NA,NA,NA,2.4817960261482e-06,4.25992253667177e-05,0,1.68830035988936e-06,7.77035794930929e-07,0,3.99149014301509e-06,7.64459317305528e-05,2.46087776648445e-05,0,0,2.5101315183409e-06,1.02023742965463e-06,1.88566105619647e-06,0,NA,NA,NA,NA,NA,NA,NA,NA,NA,NA,1.2408980130741e-06,2.12996126833588e-05,0,8.4415017994468e-07,3.88517897465465e-07,0,1.99574507150755e-06,3.82229658652764e-05,1.23043888324222e-05,0,0,1.25506575917045e-06,5.10118714827315e-07,9.42830528098235e-07,0
"Sellimonas",NA,NA,NA,NA,NA,NA,NA,NA,NA,NA,NA,NA,NA,NA,NA,NA,NA,0,1.49470966199009e-06,0,5.62766786629787e-06,3.88517897465465e-06,0,0,3.23010979143181e-06,5.72297154996383e-07,0,0,1.25506575917045e-05,0,9.42830528098235e-06,0,NA,NA,NA,NA,NA,NA,NA,NA,NA,NA,0,7.47354830995047e-07,0,2.81383393314893e-06,1.94258948732732e-06,0,0,1.61505489571591e-06,2.86148577498192e-07,0,0,6.27532879585226e-06,0,4.71415264049118e-06,0
"Lachnospiraceae UCG-008",NA,NA,NA,NA,NA,NA,NA,NA,NA,NA,NA,NA,NA,NA,NA,NA,NA,0,2.24206449298514e-06,0,5.06490107966808e-06,0,0,0,0,3.4337829299783e-06,0,0,1.12955918325341e-05,0,0,0,NA,NA,NA,NA,NA,NA,NA,NA,NA,NA,0,1.12103224649257e-06,0,2.53245053983404e-06,0,0,0,0,1.71689146498915e-06,0,0,5.64779591626703e-06,0,0,0
"Ambiguous_taxa",NA,NA,NA,NA,NA,NA,NA,NA,NA,NA,NA,NA,NA,NA,NA,NA,NA,2.4817960261482e-05,2.61574190848266e-05,2.2645787737379e-05,4.55841097170127e-05,4.3514004516132e-05,1.74976979591123e-05,2.9270927715444e-05,1.93806587485909e-05,2.97594520598119e-05,1.37732374191314e-05,2.78850577917823e-05,2.88665124609204e-05,5.91737709199685e-05,1.88566105619647e-05,6.07963797077544e-05,NA,NA,NA,NA,NA,NA,NA,NA,NA,NA,1.2408980130741e-05,1.30787095424133e-05,1.13228938686895e-05,2.27920548585064e-05,2.1757002258066e-05,8.74884897955613e-06,1.4635463857722e-05,9.69032937429543e-06,1.4879726029906e-05,6.88661870956571e-06,1.39425288958911e-05,1.44332562304602e-05,2.95868854599842e-05,9.42830528098235e-06,3.03981898538772e-05
"Intestinimonas",NA,NA,NA,NA,NA,NA,NA,NA,NA,NA,NA,NA,NA,NA,NA,NA,NA,0,7.47354830995047e-06,0,5.62766786629787e-07,1.24325727188949e-05,0,0,1.72272522209697e-05,2.28918861998553e-06,0,0,1.25506575917045e-06,0,2.82849158429471e-05,1.32166042842944e-06,NA,NA,NA,NA,NA,NA,NA,NA,NA,NA,0,3.73677415497523e-06,0,2.81383393314893e-07,6.21628635944743e-06,0,0,8.61362611048483e-06,1.14459430999277e-06,0,0,6.27532879585226e-07,0,1.41424579214735e-05,6.60830214214722e-07
"Butyricicoccus",NA,NA,NA,NA,NA,NA,NA,NA,NA,NA,NA,NA,NA,NA,NA,NA,NA,2.72997562876302e-05,0.000183101933593787,1.02271299459131e-05,0.000698393582207565,0.000111893154470054,4.15570326528916e-05,1.86269540007371e-05,0.000362848999904173,8.75614647144466e-05,0,1.6266283711873e-05,0.00153871062074297,1.53035614448194e-05,0.000203651394069219,4.757977542346e-05,NA,NA,NA,NA,NA,NA,NA,NA,NA,NA,1.36498781438151e-05,9.15509667968933e-05,5.11356497295655e-06,0.000349196791103783,5.59465772350269e-05,2.07785163264458e-05,9.31347700036855e-06,0.000181424499952087,4.37807323572233e-05,0,8.1331418559365e-06,0.000769355310371487,7.65178072240972e-06,0.000101825697034609,2.378988771173e-05
"Hungatella",NA,NA,NA,NA,NA,NA,NA,NA,NA,NA,NA,NA,NA,NA,NA,NA,NA,8.27265342049401e-07,1.27050321269158e-05,7.30509281850935e-07,1.5757470025634e-05,2.87503244124444e-05,0,1.33049671433836e-06,2.58408783314545e-05,5.72297154996383e-06,0,1.16187740799093e-06,3.38867754976022e-05,1.02023742965463e-06,6.59981369668765e-05,2.64332085685889e-06,NA,NA,NA,NA,NA,NA,NA,NA,NA,NA,4.136326710247e-07,6.3525160634579e-06,3.65254640925468e-07,7.87873501281701e-06,1.43751622062222e-05,0,6.65248357169182e-07,1.29204391657272e-05,2.86148577498192e-06,0,5.80938703995464e-07,1.69433877488011e-05,5.10118714827315e-07,3.29990684834382e-05,1.32166042842944e-06
"Porphyromonas",NA,NA,NA,NA,NA,NA,NA,NA,NA,NA,NA,NA,NA,NA,NA,NA,NA,2.4817960261482e-06,4.8578064014678e-06,2.19152784555281e-06,2.81383393314893e-06,7.77035794930929e-07,2.18721224488903e-06,2.66099342867673e-06,2.15340652762121e-06,6.29526870496021e-06,1.9676053455902e-06,2.32375481598186e-06,1.25506575917045e-06,4.08094971861852e-06,0,1.32166042842944e-06,NA,NA,NA,NA,NA,NA,NA,NA,NA,NA,1.2408980130741e-06,2.4289032007339e-06,1.0957639227764e-06,1.40691696657447e-06,3.88517897465465e-07,1.09360612244452e-06,1.33049671433836e-06,1.0767032638106e-06,3.14763435248011e-06,9.83802672795102e-07,1.16187740799093e-06,6.27532879585226e-07,2.04047485930926e-06,0,6.60830214214722e-07
"Marvinbryantia",NA,NA,NA,NA,NA,NA,NA,NA,NA,NA,NA,NA,NA,NA,NA,NA,NA,1.07544494466422e-05,3.10152254862944e-05,7.30509281850935e-07,0.000280257859741634,5.05073266705104e-05,2.84337591835574e-05,0,5.27584599267196e-05,1.9458103269877e-05,1.9676053455902e-06,0,0.000620002485030203,4.08094971861852e-06,0.000105597019147002,1.1894943855865e-05,NA,NA,NA,NA,NA,NA,NA,NA,NA,NA,5.37722472332111e-06,1.55076127431472e-05,3.65254640925468e-07,0.000140128929870817,2.52536633352552e-05,1.42168795917787e-05,0,2.63792299633598e-05,9.72905163493851e-06,9.83802672795102e-07,0,0.000310001242515102,2.04047485930926e-06,5.27985095735012e-05,5.9474719279325e-06
"Eisenbergiella",NA,NA,NA,NA,NA,NA,NA,NA,NA,NA,NA,NA,NA,NA,NA,NA,NA,8.27265342049401e-07,8.59458055644304e-06,7.30509281850935e-07,2.3636205038451e-05,0.000131319049343327,0,1.33049671433836e-06,2.26107685400227e-05,1.14459430999277e-06,0,1.16187740799093e-06,4.39273015709658e-05,7.1416620075824e-06,0.000305477091103828,9.25162299900611e-06,NA,NA,NA,NA,NA,NA,NA,NA,NA,NA,4.136326710247e-07,4.29729027822152e-06,3.65254640925468e-07,1.18181025192255e-05,6.56595246716635e-05,0,6.65248357169182e-07,1.13053842700113e-05,5.72297154996383e-07,0,5.80938703995464e-07,2.19636507854829e-05,3.5708310037912e-06,0.000152738545551914,4.62581149950306e-06
"Erysipelatoclostridium",NA,NA,NA,NA,NA,NA,NA,NA,NA,NA,NA,NA,NA,NA,NA,NA,NA,8.27265342049401e-07,7.47354830995047e-06,1.46101856370187e-06,0.000113116124112587,0,2.18721224488903e-06,0,1.83039554847803e-05,1.71689146498915e-06,0,2.32375481598186e-06,0.00024975808607492,2.04047485930926e-06,0,0,NA,NA,NA,NA,NA,NA,NA,NA,NA,NA,4.136326710247e-07,3.73677415497523e-06,7.30509281850935e-07,5.65580620562936e-05,0,1.09360612244452e-06,0,9.15197774239013e-06,8.58445732494575e-07,0,1.16187740799093e-06,0.00012487904303746,1.02023742965463e-06,0,0
"Ruminococcaceae NK4A214 group",NA,NA,NA,NA,NA,NA,NA,NA,NA,NA,NA,NA,NA,NA,NA,NA,NA,3.63996750501736e-05,0.000386756125039937,6.28237982391804e-05,0.00110639950251416,0.000223009273145177,6.12419428568929e-05,2.12879474294138e-05,0.000736465032446453,0.00020087630140373,1.37732374191314e-05,9.17883152312833e-05,0.0024210218494398,3.77487848972213e-05,0.000399760143913652,9.91245321322083e-05,NA,NA,NA,NA,NA,NA,NA,NA,NA,NA,1.81998375250868e-05,0.000193378062519968,3.14118991195902e-05,0.00055319975125708,0.000111504636572588,3.06209714284464e-05,1.06439737147069e-05,0.000368232516223226,0.000100438150701865,6.88661870956571e-06,4.58941576156417e-05,0.0012105109247199,1.88743924486106e-05,0.000199880071956826,4.95622660661042e-05
"Family XIII AD3011 group",NA,NA,NA,NA,NA,NA,NA,NA,NA,NA,NA,NA,NA,NA,NA,NA,NA,1.6545306840988e-06,1.27050321269158e-05,4.38305569110561e-06,0.0001587002338296,4.50680761059939e-05,2.18721224488903e-06,1.33049671433836e-06,2.69175815952651e-05,5.15067439496745e-06,5.90281603677061e-06,3.48563222397278e-06,0.000347653215290215,5.10118714827315e-06,0.000103711358090806,3.96498128528833e-06,NA,NA,NA,NA,NA,NA,NA,NA,NA,NA,8.27265342049401e-07,6.3525160634579e-06,2.19152784555281e-06,7.93501169147999e-05,2.25340380529969e-05,1.09360612244452e-06,6.65248357169182e-07,1.34587907976325e-05,2.57533719748372e-06,2.9514080183853e-06,1.74281611198639e-06,0.000173826607645108,2.55059357413657e-06,5.18556790454029e-05,1.98249064264417e-06
"Ruminococcaceae UCG-002",NA,NA,NA,NA,NA,NA,NA,NA,NA,NA,NA,NA,NA,NA,NA,NA,NA,5.54267779173099e-05,0.00084040050745393,8.18170395673047e-05,0.00129323807567525,0.000597540526301885,8.96757020404503e-05,3.45929145727975e-05,0.00185623642680948,0.000300456006373101,4.52549229485747e-05,0.000103407089311193,0.00281134730054181,5.91737709199685e-05,0.00126150724659544,0.000132166042842944,NA,NA,NA,NA,NA,NA,NA,NA,NA,NA,2.77133889586549e-05,0.000420200253726965,4.09085197836524e-05,0.000646619037837625,0.000298770263150942,4.48378510202252e-05,1.72964572863987e-05,0.00092811821340474,0.000150228003186551,2.26274614742873e-05,5.17035446555963e-05,0.00140567365027091,2.95868854599842e-05,0.000630753623297719,6.60830214214722e-05
"Lachnospiraceae NK4A136 group",NA,NA,NA,NA,NA,NA,NA,NA,NA,NA,NA,NA,NA,NA,NA,NA,NA,3.47451443660748e-05,0.000189828127072742,4.01780105018014e-05,0.000351729241643617,0.000818218692062269,5.03058816324477e-05,2.52794375724289e-05,0.000396226801082302,8.01216016994936e-05,2.75464748382628e-05,4.76369737276281e-05,0.000754294521261442,2.44856983117111e-05,0.00189886068358985,6.07963797077544e-05,NA,NA,NA,NA,NA,NA,NA,NA,NA,NA,1.73725721830374e-05,9.4914063536371e-05,2.00890052509007e-05,0.000175864620821808,0.000409109346031134,2.51529408162239e-05,1.26397187862145e-05,0.000198113400541151,4.00608008497468e-05,1.37732374191314e-05,2.3818486863814e-05,0.000377147260630721,1.22428491558556e-05,0.000949430341794923,3.03981898538772e-05
"[Eubacterium] coprostanoligenes group",NA,NA,NA,NA,NA,NA,NA,NA,NA,NA,NA,NA,NA,NA,NA,NA,NA,1.81998375250868e-05,0.000215238191326574,1.97237506099753e-05,0.00188808256914293,0.000126656834573741,3.28081836733355e-05,9.31347700036855e-06,0.000376846142333711,0.000129339157029183,5.90281603677061e-06,2.78850577917823e-05,0.00415175753133585,4.79511591937676e-05,0.000265878208923702,2.90765294254478e-05,NA,NA,NA,NA,NA,NA,NA,NA,NA,NA,9.09991876254341e-06,0.000107619095663287,9.86187530498763e-06,0.000944041284571467,6.33284172868707e-05,1.64040918366677e-05,4.65673850018427e-06,0.000188423071166856,6.46695785145913e-05,2.9514080183853e-06,1.39425288958911e-05,0.00207587876566793,2.39755795968838e-05,0.000132939104461851,1.45382647127239e-05
"Ruminococcus 1",NA,NA,NA,NA,NA,NA,NA,NA,NA,NA,NA,NA,NA,NA,NA,NA,NA,0.000378060261316576,0.00142333727563007,0.000122725559350957,0.00539468241663313,0.00098683545956228,0.000846451138772055,9.31347700036855e-05,0.0023859744326043,0.000911669367909238,7.67366084780179e-05,0.00014988218563083,0.011781302281333,0.000203027248501271,0.00199125807534347,0.000282835331683901,NA,NA,NA,NA,NA,NA,NA,NA,NA,NA,0.000189030130658288,0.000711668637815033,6.13627796754786e-05,0.00269734120831657,0.00049341772978114,0.000423225569386028,4.65673850018427e-05,0.00119298721630215,0.000455834683954619,3.8368304239009e-05,7.49410928154149e-05,0.00589065114066652,0.000101513624250636,0.000995629037671737,0.000141417665841951
"Roseburia",NA,NA,NA,NA,NA,NA,NA,NA,NA,NA,NA,NA,NA,NA,NA,NA,NA,0.000142289638832497,0.00142707404978504,6.7206853930286e-05,0.00224375117829296,0.000508958445679759,0.000301835289794686,4.52368882875044e-05,0.00288987156006766,0.000649557270920895,3.73845015662139e-05,8.48170507833378e-05,0.00490103178956061,8.36594692316796e-05,0.00101825697034609,0.000151990949269386,NA,NA,NA,NA,NA,NA,NA,NA,NA,NA,7.11448194162485e-05,0.000713537024892521,3.3603426965143e-05,0.00112187558914648,0.000254479222839879,0.000150917644897343,2.26184441437522e-05,0.00144493578003383,0.000324778635460447,1.86922507831069e-05,4.24085253916689e-05,0.00245051589478031,4.18297346158398e-05,0.000509128485173047,7.59954746346931e-05
"Anaerofilum",NA,NA,NA,NA,NA,NA,NA,NA,NA,NA,NA,NA,NA,NA,NA,NA,NA,0,0,7.30509281850935e-07,5.62766786629787e-07,2.33110738479279e-06,0,0,0,0,0,1.16187740799093e-06,1.25506575917045e-06,0,1.88566105619647e-06,2.64332085685889e-06,NA,NA,NA,NA,NA,NA,NA,NA,NA,NA,0,0,3.65254640925468e-07,2.81383393314893e-07,1.16555369239639e-06,0,0,0,0,0,5.80938703995464e-07,6.27532879585226e-07,0,9.42830528098235e-07,1.32166042842944e-06
"[Clostridium] innocuum group",NA,NA,NA,NA,NA,NA,NA,NA,NA,NA,NA,NA,NA,NA,NA,NA,NA,1.6545306840988e-06,1.86838707748762e-06,7.30509281850935e-07,9.00426858607659e-06,3.88517897465465e-06,4.37442448977806e-06,0,4.30681305524241e-06,5.72297154996383e-07,0,1.16187740799093e-06,1.75709206283863e-05,2.04047485930926e-06,9.42830528098235e-06,0,NA,NA,NA,NA,NA,NA,NA,NA,NA,NA,8.27265342049401e-07,9.34193538743809e-07,3.65254640925468e-07,4.50213429303829e-06,1.94258948732732e-06,2.18721224488903e-06,0,2.15340652762121e-06,2.86148577498192e-07,0,5.80938703995464e-07,8.78546031419316e-06,1.02023742965463e-06,4.71415264049118e-06,0
"[Eubacterium] xylanophilum group",NA,NA,NA,NA,NA,NA,NA,NA,NA,NA,NA,NA,NA,NA,NA,NA,NA,7.44538807844461e-06,0.000116587353635227,8.03560210036029e-06,0.000164327901695898,6.13858277995434e-05,1.31232734693342e-05,3.99149014301509e-06,0.000240104827829765,5.09344467946781e-05,1.9676053455902e-06,1.16187740799093e-05,0.000355183609845238,9.18213686689166e-06,0.000118796646540378,2.11465668548711e-05,NA,NA,NA,NA,NA,NA,NA,NA,NA,NA,3.7226940392223e-06,5.82936768176137e-05,4.01780105018014e-06,8.21639508479489e-05,3.06929138997717e-05,6.5616367346671e-06,1.99574507150755e-06,0.000120052413914882,2.5467223397339e-05,9.83802672795102e-07,5.80938703995464e-06,0.000177591804922619,4.59106843344583e-06,5.93983232701888e-05,1.05732834274356e-05
"[Eubacterium] hallii group",NA,NA,NA,NA,NA,NA,NA,NA,NA,NA,NA,NA,NA,NA,NA,NA,NA,5.54267779173099e-05,0.000343409544842224,2.19152784555281e-05,0.00270240610939624,0.000141420514677429,0.000120296673468897,1.59659605720604e-05,0.000585726575512968,0.000214611433123644,1.37732374191314e-05,2.67231803837913e-05,0.0059465015669496,6.52951954978963e-05,0.000290391802654257,3.70064919960244e-05,NA,NA,NA,NA,NA,NA,NA,NA,NA,NA,2.77133889586549e-05,0.000171704772421112,1.0957639227764e-05,0.00135120305469812,7.07102573387146e-05,6.01483367344484e-05,7.98298028603018e-06,0.000292863287756484,0.000107305716561822,6.88661870956571e-06,1.33615901918957e-05,0.0029732507834748,3.26475977489481e-05,0.000145195901327128,1.85032459980122e-05
"Holdemania",NA,NA,NA,NA,NA,NA,NA,NA,NA,NA,NA,NA,NA,NA,NA,NA,NA,8.27265342049401e-07,1.53207740353985e-05,7.30509281850935e-07,5.12117775833106e-05,1.63177516935495e-05,2.18721224488903e-06,0,3.01476913866969e-05,7.43986301495298e-06,0,1.16187740799093e-06,0.00011170085256617,2.04047485930926e-06,3.95988821801259e-05,0,NA,NA,NA,NA,NA,NA,NA,NA,NA,NA,4.136326710247e-07,7.66038701769923e-06,3.65254640925468e-07,2.56058887916553e-05,8.15887584677476e-06,1.09360612244452e-06,0,1.50738456933485e-05,3.71993150747649e-06,0,5.80938703995464e-07,5.58504262830851e-05,1.02023742965463e-06,1.97994410900629e-05,0
"Tyzzerella",NA,NA,NA,NA,NA,NA,NA,NA,NA,NA,NA,NA,NA,NA,NA,NA,NA,0,1.98049030213687e-05,1.46101856370187e-06,5.29000779431999e-05,1.16555369239639e-05,0,0,4.09147240248029e-05,8.58445732494575e-06,0,2.32375481598186e-06,0.00011170085256617,5.10118714827315e-06,2.26279326743576e-05,3.96498128528833e-06,NA,NA,NA,NA,NA,NA,NA,NA,NA,NA,0,9.90245151068437e-06,7.30509281850935e-07,2.64500389716e-05,5.82776846198197e-06,0,0,2.04573620124015e-05,4.29222866247287e-06,0,1.16187740799093e-06,5.58504262830851e-05,2.55059357413657e-06,1.13139663371788e-05,1.98249064264417e-06
"Ruminiclostridium 5",NA,NA,NA,NA,NA,NA,NA,NA,NA,NA,NA,NA,NA,NA,NA,NA,NA,1.81998375250868e-05,8.96825797194056e-05,8.76611138221122e-06,0.000798566070227667,0.000166285660115219,3.93698204080026e-05,5.32198685735346e-06,0.000150738456933484,5.72297154996383e-05,1.9676053455902e-06,1.27806514879002e-05,0.0017457964710061,2.85666480303296e-05,0.000350732956452544,3.70064919960244e-05,NA,NA,NA,NA,NA,NA,NA,NA,NA,NA,9.09991876254341e-06,4.48412898597028e-05,4.38305569110561e-06,0.000399283035113834,8.31428300576094e-05,1.96849102040013e-05,2.66099342867673e-06,7.53692284667422e-05,2.86148577498192e-05,9.83802672795102e-07,6.3903257439501e-06,0.000872898235503049,1.42833240151648e-05,0.000175366478226272,1.85032459980122e-05
"Dialister",NA,NA,NA,NA,NA,NA,NA,NA,NA,NA,NA,NA,NA,NA,NA,NA,NA,1.48907761568892e-05,0.000127423998684655,1.1688148509615e-05,0.000311772799792902,8.54739374424022e-05,2.40593346937793e-05,9.31347700036855e-06,0.000261638893105977,5.60851211896455e-05,5.90281603677061e-06,1.51044063038821e-05,0.000680245641470385,1.22428491558556e-05,0.000167823834001486,2.77548689970183e-05,NA,NA,NA,NA,NA,NA,NA,NA,NA,NA,7.44538807844461e-06,6.37119993423277e-05,5.84407425480748e-06,0.000155886399896451,4.27369687212011e-05,1.20296673468897e-05,4.65673850018427e-06,0.000130819446552988,2.80425605948228e-05,2.9514080183853e-06,7.55220315194103e-06,0.000340122820735192,6.12142457792778e-06,8.39119170007429e-05,1.38774344985092e-05
"Intestinibacter",NA,NA,NA,NA,NA,NA,NA,NA,NA,NA,NA,NA,NA,NA,NA,NA,NA,4.13632671024701e-06,6.83829670360468e-05,1.68017134825715e-05,0.000496360305807472,4.3514004516132e-05,4.37442448977806e-06,3.99149014301509e-06,0.000123820875338219,3.8916206539754e-05,7.87042138236081e-06,2.20756707518276e-05,0.00109065214471912,1.32630865855102e-05,8.48547475288412e-05,1.45382647127239e-05,NA,NA,NA,NA,NA,NA,NA,NA,NA,NA,2.0681633551235e-06,3.41914835180234e-05,8.40085674128576e-06,0.000248180152903736,2.1757002258066e-05,2.18721224488903e-06,1.99574507150755e-06,6.19104376691097e-05,1.9458103269877e-05,3.93521069118041e-06,1.10378353759138e-05,0.000545326072359561,6.63154329275509e-06,4.24273737644206e-05,7.26913235636194e-06
"[Ruminococcus] gauvreauii group",NA,NA,NA,NA,NA,NA,NA,NA,NA,NA,NA,NA,NA,NA,NA,NA,NA,3.47451443660748e-05,0.000204401546277145,1.0957639227764e-05,0.00142942763803966,5.36154698502341e-05,8.09268530608942e-05,6.65248357169182e-06,0.000362848999904173,0.00012018240254924,5.90281603677061e-06,1.39425288958911e-05,0.00315021505551783,3.06071228896389e-05,9.42830528098235e-05,2.51115481401594e-05,NA,NA,NA,NA,NA,NA,NA,NA,NA,NA,1.73725721830374e-05,0.000102200773138573,5.47881961388201e-06,0.000714713819019829,2.68077349251171e-05,4.04634265304471e-05,3.32624178584591e-06,0.000181424499952087,6.00912012746202e-05,2.9514080183853e-06,6.97126444794557e-06,0.00157510752775892,1.53035614448194e-05,4.71415264049118e-05,1.25557740700797e-05
"Lachnospiraceae ND3007 group",NA,NA,NA,NA,NA,NA,NA,NA,NA,NA,NA,NA,NA,NA,NA,NA,NA,2.72997562876302e-05,0.00012518193419167,9.49662066406216e-06,0.00044852512894394,2.56421812327207e-05,5.90547306120039e-05,7.98298028603018e-06,0.000192729884222098,8.92783561794358e-05,5.90281603677061e-06,1.16187740799093e-05,0.000981461423671293,1.53035614448194e-05,4.90271874611082e-05,9.25162299900611e-06,NA,NA,NA,NA,NA,NA,NA,NA,NA,NA,1.36498781438151e-05,6.25909670958352e-05,4.74831033203108e-06,0.00022426256447197,1.28210906163603e-05,2.95273653060019e-05,3.99149014301509e-06,9.6364942111049e-05,4.46391780897179e-05,2.9514080183853e-06,5.80938703995464e-06,0.000490730711835647,7.65178072240972e-06,2.45135937305541e-05,4.62581149950306e-06
"Succiniclasticum",NA,NA,NA,NA,NA,NA,NA,NA,NA,NA,NA,NA,NA,NA,NA,NA,NA,3.3090613681976e-06,4.59623221061954e-05,1.68017134825715e-05,1.51947032390042e-05,8.7805044827195e-05,2.18721224488903e-06,3.99149014301509e-06,0.000110900436172492,1.14459430999277e-05,9.83802672795102e-06,2.09137933438367e-05,3.01215782200908e-05,3.06071228896389e-06,0.000207422716181612,3.96498128528833e-06,NA,NA,NA,NA,NA,NA,NA,NA,NA,NA,1.6545306840988e-06,2.29811610530977e-05,8.40085674128576e-06,7.59735161950212e-06,4.39025224135975e-05,1.09360612244452e-06,1.99574507150755e-06,5.54502180862461e-05,5.72297154996383e-06,4.91901336397551e-06,1.04568966719184e-05,1.50607891100454e-05,1.53035614448194e-06,0.000103711358090806,1.98249064264417e-06
"[Ruminococcus] torques group",NA,NA,NA,NA,NA,NA,NA,NA,NA,NA,NA,NA,NA,NA,NA,NA,NA,2.72997562876302e-05,9.19246442123908e-05,1.31491670733168e-05,0.000480040068995208,6.13858277995434e-05,5.90547306120039e-05,7.98298028603018e-06,0.000185192961375424,4.23499894697323e-05,7.87042138236081e-06,1.6266283711873e-05,0.00105676536922152,1.12226117262009e-05,0.000107482680203199,2.90765294254478e-05,NA,NA,NA,NA,NA,NA,NA,NA,NA,NA,1.36498781438151e-05,4.59623221061954e-05,6.57458353665842e-06,0.000240020034497604,3.06929138997717e-05,2.95273653060019e-05,3.99149014301509e-06,9.25964806877119e-05,2.11749947348662e-05,3.93521069118041e-06,8.1331418559365e-06,0.00052838268461076,5.61130586310046e-06,5.37413401015994e-05,1.45382647127239e-05
"Ruminiclostridium",NA,NA,NA,NA,NA,NA,NA,NA,NA,NA,NA,NA,NA,NA,NA,NA,NA,0,1.75628385283836e-05,7.30509281850935e-07,1.91340707454127e-05,6.99332215437836e-06,0,0,3.33778011781287e-05,9.15675447994213e-06,0,1.16187740799093e-06,4.14171700526249e-05,1.02023742965463e-06,1.69709495057682e-05,0,NA,NA,NA,NA,NA,NA,NA,NA,NA,NA,0,8.7814192641918e-06,3.65254640925468e-07,9.56703537270637e-06,3.49666107718918e-06,0,0,1.66889005890644e-05,4.57837723997107e-06,0,5.80938703995464e-07,2.07085850263125e-05,5.10118714827315e-07,8.48547475288412e-06,0
"Gordonibacter",NA,NA,NA,NA,NA,NA,NA,NA,NA,NA,NA,NA,NA,NA,NA,NA,NA,0,2.24206449298514e-06,0,3.03894064780085e-05,1.55407158986186e-06,0,0,4.30681305524241e-06,1.14459430999277e-06,0,0,6.65184852360339e-05,1.02023742965463e-06,3.77132211239294e-06,0,NA,NA,NA,NA,NA,NA,NA,NA,NA,NA,0,1.12103224649257e-06,0,1.51947032390042e-05,7.77035794930929e-07,0,0,2.15340652762121e-06,5.72297154996383e-07,0,0,3.3259242618017e-05,5.10118714827315e-07,1.88566105619647e-06,0
"Ruminococcaceae UCG-005",NA,NA,NA,NA,NA,NA,NA,NA,NA,NA,NA,NA,NA,NA,NA,NA,NA,3.7226940392223e-05,0.000215611868742071,3.21424084014411e-05,0.00039449951742748,0.00111582340152081,4.81186693875587e-05,3.06014244297824e-05,0.000502820424199552,6.29526870496021e-05,3.73845015662139e-05,2.90469351997732e-05,0.000832108598330009,3.87690223268759e-05,0.00257204168065199,9.515955084692e-05,NA,NA,NA,NA,NA,NA,NA,NA,NA,NA,1.86134701961115e-05,0.000107805934371036,1.60712042007206e-05,0.00019724975871374,0.000557911700760407,2.40593346937793e-05,1.53007122148912e-05,0.000251410212099776,3.14763435248011e-05,1.86922507831069e-05,1.45234675998866e-05,0.000416054299165005,1.9384511163438e-05,0.00128602084032599,4.757977542346e-05
"Flavonifractor",NA,NA,NA,NA,NA,NA,NA,NA,NA,NA,NA,NA,NA,NA,NA,NA,NA,0,1.53207740353985e-05,0,7.31596822618723e-06,1.47636801036877e-05,0,0,3.87613174971817e-05,2.86148577498192e-06,0,0,1.50607891100454e-05,1.02023742965463e-06,3.58275600677329e-05,0,NA,NA,NA,NA,NA,NA,NA,NA,NA,NA,0,7.66038701769923e-06,0,3.65798411309361e-06,7.38184005184383e-06,0,0,1.93806587485909e-05,1.43074288749096e-06,0,0,7.53039455502271e-06,5.10118714827315e-07,1.79137800338665e-05,0
"[Eubacterium] rectale group",NA,NA,NA,NA,NA,NA,NA,NA,NA,NA,NA,NA,NA,NA,NA,NA,NA,0.000311051768610575,0.00130824463165683,9.13136602313669e-05,0.00720341486886127,0.000634061208663638,0.000728341677548048,5.72113587165496e-05,0.00222554564629652,0.000820674120264813,7.08337924412473e-05,0.000103407089311193,0.0158703065247104,0.000158136801596468,0.00119550910962856,0.000240542197974159,NA,NA,NA,NA,NA,NA,NA,NA,NA,NA,0.000155525884305287,0.000654122315828415,4.56568301156835e-05,0.00360170743443063,0.000317030604331819,0.000364170838774024,2.86056793582748e-05,0.00111277282314826,0.000410337060132407,3.54168962206237e-05,5.17035446555963e-05,0.00793515326235518,7.90684007982338e-05,0.000597754554814281,0.000120271098987079
"Lachnospiraceae UCG-004",NA,NA,NA,NA,NA,NA,NA,NA,NA,NA,NA,NA,NA,NA,NA,NA,NA,5.79085739434581e-06,8.81878700574155e-05,2.92203712740374e-06,5.17745443699404e-05,2.56421812327207e-05,1.31232734693342e-05,1.33049671433836e-06,0.000202420213596393,2.74702634398264e-05,1.9676053455902e-06,3.48563222397278e-06,0.000106680589529488,7.1416620075824e-06,4.71415264049118e-05,1.05732834274356e-05,NA,NA,NA,NA,NA,NA,NA,NA,NA,NA,2.8954286971729e-06,4.40939350287078e-05,1.46101856370187e-06,2.58872721849702e-05,1.28210906163603e-05,6.5616367346671e-06,6.65248357169182e-07,0.000101210106798197,1.37351317199132e-05,9.83802672795102e-07,1.74281611198639e-06,5.33402947647442e-05,3.5708310037912e-06,2.35707632024559e-05,5.28664171371778e-06
"Phascolarctobacterium",NA,NA,NA,NA,NA,NA,NA,NA,NA,NA,NA,NA,NA,NA,NA,NA,NA,1.32362454727904e-05,0.000166286449896398,8.03560210036029e-06,0.000132250194858,4.73991834907867e-05,2.84337591835574e-05,3.99149014301509e-06,0.000376846142333711,5.43682297246564e-05,3.93521069118041e-06,1.04568966719184e-05,0.000282389795813352,1.02023742965463e-05,8.86260696412341e-05,1.85032459980122e-05,NA,NA,NA,NA,NA,NA,NA,NA,NA,NA,6.61812273639521e-06,8.3143224948199e-05,4.01780105018014e-06,6.61250974289999e-05,2.36995917453933e-05,1.42168795917787e-05,1.99574507150755e-06,0.000188423071166856,2.71841148623282e-05,1.9676053455902e-06,5.22844833595918e-06,0.000141194897906676,5.10118714827315e-06,4.43130348206171e-05,9.25162299900611e-06
"Lactonifactor",NA,NA,NA,NA,NA,NA,NA,NA,NA,NA,NA,NA,NA,NA,NA,NA,NA,0,4.11045157047276e-06,0,1.12553357325957e-06,7.77035794930929e-06,0,0,8.61362611048483e-06,1.71689146498915e-06,0,0,2.5101315183409e-06,0,1.88566105619647e-05,0,NA,NA,NA,NA,NA,NA,NA,NA,NA,NA,0,2.05522578523638e-06,0,5.62766786629787e-07,3.88517897465465e-06,0,0,4.30681305524241e-06,8.58445732494575e-07,0,0,1.25506575917045e-06,0,9.42830528098235e-06,0
"[Eubacterium] ventriosum group",NA,NA,NA,NA,NA,NA,NA,NA,NA,NA,NA,NA,NA,NA,NA,NA,NA,2.4817960261482e-06,2.98941932398019e-05,5.84407425480748e-06,0.000118181025192255,9.32442953917115e-06,4.37442448977806e-06,1.33049671433836e-06,6.89090088838786e-05,9.15675447994213e-06,3.93521069118041e-06,6.97126444794557e-06,0.000262308743666624,1.02023742965463e-06,2.07422716181612e-05,1.32166042842944e-06,NA,NA,NA,NA,NA,NA,NA,NA,NA,NA,1.2408980130741e-06,1.49470966199009e-05,2.92203712740374e-06,5.90905125961276e-05,4.66221476958558e-06,2.18721224488903e-06,6.65248357169182e-07,3.44545044419393e-05,4.57837723997107e-06,1.9676053455902e-06,3.48563222397278e-06,0.000131154371833312,5.10118714827315e-07,1.03711358090806e-05,6.60830214214722e-07
"Oxalobacter",NA,NA,NA,NA,NA,NA,NA,NA,NA,NA,NA,NA,NA,NA,NA,NA,NA,4.96359205229641e-06,2.69047739158217e-05,3.65254640925468e-06,2.98266396913787e-05,6.21628635944743e-06,4.37442448977806e-06,5.32198685735346e-06,6.46021958286362e-05,6.8675658599566e-06,0,5.80938703995464e-06,6.4008353717693e-05,2.04047485930926e-06,1.31996273933753e-05,1.32166042842944e-06,NA,NA,NA,NA,NA,NA,NA,NA,NA,NA,2.4817960261482e-06,1.34523869579108e-05,1.82627320462734e-06,1.49133198456893e-05,3.10814317972372e-06,2.18721224488903e-06,2.66099342867673e-06,3.23010979143181e-05,3.4337829299783e-06,0,2.90469351997732e-06,3.20041768588465e-05,1.02023742965463e-06,6.59981369668765e-06,6.60830214214722e-07
"Dorea",NA,NA,NA,NA,NA,NA,NA,NA,NA,NA,NA,NA,NA,NA,NA,NA,NA,4.05360017604206e-05,0.000231679997608465,1.38796763551678e-05,0.00141423293480065,0.000105676868110606,7.65524285711161e-05,1.86269540007371e-05,0.000408070536984219,0.000137923614354128,7.87042138236081e-06,1.74281611198639e-05,0.00310126749091019,4.28499720454944e-05,0.000199880071956826,3.96498128528833e-05,NA,NA,NA,NA,NA,NA,NA,NA,NA,NA,2.02680008802103e-05,0.000115839998804232,6.93983817758388e-06,0.000707116467400327,5.28384340553032e-05,3.82762142855581e-05,9.31347700036855e-06,0.000204035268492109,6.89618071770642e-05,3.93521069118041e-06,8.71408055993196e-06,0.00155063374545509,2.14249860227472e-05,9.9940035978413e-05,1.98249064264417e-05
"Defluviitaleaceae UCG-011",NA,NA,NA,NA,NA,NA,NA,NA,NA,NA,NA,NA,NA,NA,NA,NA,NA,0,1.49470966199009e-06,0,1.68830035988936e-06,1.24325727188949e-05,0,0,4.30681305524241e-06,0,0,0,2.5101315183409e-06,1.02023742965463e-06,2.45135937305541e-05,3.96498128528833e-06,NA,NA,NA,NA,NA,NA,NA,NA,NA,NA,0,7.47354830995047e-07,0,8.4415017994468e-07,6.21628635944743e-06,0,0,2.15340652762121e-06,0,0,0,1.25506575917045e-06,5.10118714827315e-07,1.22567968652771e-05,1.98249064264417e-06
"Coprococcus 2",NA,NA,NA,NA,NA,NA,NA,NA,NA,NA,NA,NA,NA,NA,NA,NA,NA,0.000116644413228966,0.00047830709183683,4.74831033203108e-05,0.00287911488039799,0.000453788904239663,0.000238406134692904,4.25758948588276e-05,0.000754768987931233,0.000331360052742906,3.73845015662139e-05,5.34463607675827e-05,0.00634184728108829,6.42749580682416e-05,0.000910774290142895,0.000133487703271374,NA,NA,NA,NA,NA,NA,NA,NA,NA,NA,5.83222066144828e-05,0.000239153545918415,2.37415516601554e-05,0.00143955744019899,0.000226894452119831,0.000119203067346452,2.12879474294138e-05,0.000377384493965617,0.000165680026371453,1.86922507831069e-05,2.67231803837913e-05,0.00317092364054415,3.21374790341208e-05,0.000455387145071448,6.67438516356869e-05
"Coprococcus 1",NA,NA,NA,NA,NA,NA,NA,NA,NA,NA,NA,NA,NA,NA,NA,NA,NA,1.90271028671362e-05,4.93254188456731e-05,2.19152784555281e-06,0.000298266396913787,3.03043960023062e-05,5.03058816324477e-05,0,9.25964806877119e-05,2.63256691298336e-05,3.93521069118041e-06,1.16187740799093e-06,0.000651379129009464,1.12226117262009e-05,5.65698316858941e-05,1.1894943855865e-05,NA,NA,NA,NA,NA,NA,NA,NA,NA,NA,9.51355143356811e-06,2.46627094228365e-05,1.0957639227764e-06,0.000149133198456893,1.51521980011531e-05,2.51529408162239e-05,0,4.6298240343856e-05,1.31628345649168e-05,1.9676053455902e-06,5.80938703995464e-07,0.000325689564504732,5.61130586310046e-06,2.82849158429471e-05,5.9474719279325e-06
"Parasutterella",NA,NA,NA,NA,NA,NA,NA,NA,NA,NA,NA,NA,NA,NA,NA,NA,NA,8.27265342049401e-07,8.59458055644304e-06,1.46101856370187e-06,5.06490107966808e-06,2.25340380529969e-05,2.18721224488903e-06,0,2.36874718038333e-05,5.72297154996383e-07,1.9676053455902e-06,1.16187740799093e-06,1.12955918325341e-05,0,5.46841706296977e-05,0,NA,NA,NA,NA,NA,NA,NA,NA,NA,NA,4.136326710247e-07,4.29729027822152e-06,7.30509281850935e-07,2.53245053983404e-06,1.12670190264985e-05,1.09360612244452e-06,0,1.18437359019166e-05,2.86148577498192e-07,9.83802672795102e-07,5.80938703995464e-07,5.64779591626703e-06,0,2.73420853148488e-05,0
"Blautia",NA,NA,NA,NA,NA,NA,NA,NA,NA,NA,NA,NA,NA,NA,NA,NA,NA,0.000190271028671362,0.00100593960251933,8.32780581310066e-05,0.0074893003964692,0.000421153400852564,0.000441816873467584,3.72539080014742e-05,0.00166242983932357,0.000656997133935848,4.32873176029845e-05,0.000106892721535165,0.0164990944700548,0.00016527846360405,0.000808948593108286,0.000149347628412527,NA,NA,NA,NA,NA,NA,NA,NA,NA,NA,9.51355143356811e-05,0.000502969801259667,4.16390290655033e-05,0.0037446501982346,0.000210576700426282,0.000220908436733792,1.86269540007371e-05,0.000831214919661786,0.000328498566967924,2.16436588014922e-05,5.34463607675827e-05,0.00824954723502738,8.2639231802025e-05,0.000404474296554143,7.46738142062636e-05
"[Eubacterium] eligens group",NA,NA,NA,NA,NA,NA,NA,NA,NA,NA,NA,NA,NA,NA,NA,NA,NA,1.32362454727904e-05,7.66038701769923e-05,1.46101856370187e-05,5.62766786629787e-05,2.79732886175135e-05,3.06209714284464e-05,2.66099342867673e-06,0.000152891863461106,3.60547207647721e-05,3.93521069118041e-06,2.09137933438367e-05,0.000122996444398704,2.04047485930926e-06,6.411247591068e-05,2.64332085685889e-06,NA,NA,NA,NA,NA,NA,NA,NA,NA,NA,6.61812273639521e-06,3.83019350884962e-05,7.30509281850935e-06,2.81383393314893e-05,1.39866443087567e-05,1.53104857142232e-05,1.33049671433836e-06,7.64459317305528e-05,1.80273603823861e-05,1.9676053455902e-06,1.04568966719184e-05,6.14982221993521e-05,1.02023742965463e-06,3.205623795534e-05,1.32166042842944e-06
"Christensenellaceae R-7 group",NA,NA,NA,NA,NA,NA,NA,NA,NA,NA,NA,NA,NA,NA,NA,NA,NA,7.44538807844461e-06,5.97883864796037e-05,1.1688148509615e-05,0.000217227979639098,0.000137535335702774,8.74884897955613e-06,6.65248357169182e-06,0.000120590765546788,2.74702634398264e-05,5.90281603677061e-06,1.51044063038821e-05,0.000478180054243942,5.10118714827315e-06,0.0003205623795534,9.25162299900611e-06,NA,NA,NA,NA,NA,NA,NA,NA,NA,NA,3.7226940392223e-06,2.98941932398019e-05,5.84407425480748e-06,0.000108613989819549,6.87676678513872e-05,4.37442448977806e-06,3.32624178584591e-06,6.02953827733938e-05,1.37351317199132e-05,2.9514080183853e-06,7.55220315194103e-06,0.000239090027121971,2.55059357413657e-06,0.0001602811897767,4.62581149950306e-06
"Erwinia",NA,NA,NA,NA,NA,NA,NA,NA,NA,NA,NA,NA,NA,NA,NA,NA,NA,0.00135754242630307,0.00118754682645113,0.0015647508817247,0.000544195482671004,0.000531492483732756,6.34291551017819e-05,0.00214476070351344,4.84516468714772e-05,0.00179300698660367,4.52549229485747e-05,0.00246201822753278,3.51418412567726e-05,0.000958002946445697,2.63992547867506e-05,0.000885512487047728,NA,NA,NA,NA,NA,NA,NA,NA,NA,NA,0.000678771213151534,0.000593773413225565,0.000782375440862352,0.000272097741335502,0.000265746241866378,3.1714577550891e-05,0.00107238035175672,2.42258234357386e-05,0.000896503493301834,2.26274614742873e-05,0.00123100911376639,1.75709206283863e-05,0.000479001473222848,1.31996273933753e-05,0.000442756243523864
"Anaerotruncus",NA,NA,NA,NA,NA,NA,NA,NA,NA,NA,NA,NA,NA,NA,NA,NA,NA,0,1.60681288663935e-05,4.38305569110561e-06,9.56703537270637e-06,0.000148413836831808,0,0,4.19914272886135e-05,2.28918861998553e-06,3.93521069118041e-06,4.64750963196371e-06,2.00810521467272e-05,1.02023742965463e-06,0.000346961634340151,9.25162299900611e-06,NA,NA,NA,NA,NA,NA,NA,NA,NA,NA,0,8.03406443319675e-06,2.19152784555281e-06,4.78351768635319e-06,7.42069184159038e-05,0,0,2.09957136443068e-05,1.14459430999277e-06,1.9676053455902e-06,2.32375481598186e-06,1.00405260733636e-05,5.10118714827315e-07,0.000173480817170075,4.62581149950306e-06
"Ruminiclostridium 9",NA,NA,NA,NA,NA,NA,NA,NA,NA,NA,NA,NA,NA,NA,NA,NA,NA,1.6545306840988e-06,1.30787095424133e-05,2.19152784555281e-06,7.87873501281701e-06,1.39866443087567e-05,4.37442448977806e-06,0,3.66079109695605e-05,5.72297154996383e-07,0,3.48563222397278e-06,1.75709206283863e-05,0,3.205623795534e-05,1.32166042842944e-06,NA,NA,NA,NA,NA,NA,NA,NA,NA,NA,8.27265342049401e-07,6.53935477120666e-06,1.0957639227764e-06,3.93936750640851e-06,6.99332215437836e-06,2.18721224488903e-06,0,1.83039554847803e-05,2.86148577498192e-07,0,1.74281611198639e-06,8.78546031419316e-06,0,1.602811897767e-05,6.60830214214722e-07
"Odoribacter",NA,NA,NA,NA,NA,NA,NA,NA,NA,NA,NA,NA,NA,NA,NA,NA,NA,8.27265342049401e-07,2.57837416693291e-05,1.46101856370187e-06,7.87873501281701e-06,3.10814317972372e-06,2.18721224488903e-06,0,5.49118664543408e-05,1.03013487899349e-05,0,2.32375481598186e-06,1.50607891100454e-05,2.04047485930926e-06,5.65698316858941e-06,1.32166042842944e-06,NA,NA,NA,NA,NA,NA,NA,NA,NA,NA,4.136326710247e-07,1.28918708346646e-05,7.30509281850935e-07,3.93936750640851e-06,1.55407158986186e-06,1.09360612244452e-06,0,2.74559332271704e-05,5.15067439496745e-06,0,1.16187740799093e-06,7.53039455502271e-06,1.02023742965463e-06,2.82849158429471e-06,6.60830214214722e-07
"Coprococcus 3",NA,NA,NA,NA,NA,NA,NA,NA,NA,NA,NA,NA,NA,NA,NA,NA,NA,6.61812273639521e-06,4.11045157047276e-05,3.65254640925468e-06,0.000221167347145506,2.09799664631351e-05,1.31232734693342e-05,2.66099342867673e-06,6.7832305620068e-05,2.689796628483e-05,5.90281603677061e-06,2.32375481598186e-06,0.000485710448798965,6.12142457792778e-06,4.14845432363224e-05,6.60830214214722e-06,NA,NA,NA,NA,NA,NA,NA,NA,NA,NA,3.3090613681976e-06,2.05522578523638e-05,1.82627320462734e-06,0.000110583673572753,1.04899832315675e-05,6.5616367346671e-06,1.33049671433836e-06,3.3916152810034e-05,1.3448983142415e-05,2.9514080183853e-06,1.16187740799093e-06,0.000242855224399482,3.06071228896389e-06,2.07422716181612e-05,3.30415107107361e-06
"Raoultella",NA,NA,NA,NA,NA,NA,NA,NA,NA,NA,NA,NA,NA,NA,NA,NA,NA,0.1402239572734,0.138597327085447,0.151446262276208,0.066667604611311,0.0953454001812047,0.000218721224488903,0.225390134899062,0.00405486449151073,0.210110315999597,0.000375812621007729,0.240653858130121,0.00197170830765678,0.119258613864619,0.000220622343574987,0.16201838693988,NA,NA,NA,NA,NA,NA,NA,NA,NA,NA,0.0701119786366998,0.0692986635427235,0.0757231311381042,0.0333338023056555,0.0476727000906024,0.000109360612244452,0.112695067449531,0.00202743224575537,0.105055157999799,0.000187906310503864,0.12032692906506,0.00098585415382839,0.0596293069323093,0.000110311171787494,0.0810091934699401
"Enterobacter",NA,NA,NA,NA,NA,NA,NA,NA,NA,NA,NA,NA,NA,NA,NA,NA,NA,0.0113054081644471,0.0097772695764927,0.0128628074348313,0.00552749537827776,0.00526519454645198,0.00525587102446834,0.014985384493593,0.00518217280872043,0.0122196888534828,0.00654425537943302,0.0165939331409264,0.00387062280128167,0.00687435980101289,0.00319053850708443,0.0067193216181353,NA,NA,NA,NA,NA,NA,NA,NA,NA,NA,0.00565270408222356,0.00488863478824635,0.00643140371741563,0.00276374768913888,0.00263259727322599,0.00262793551223417,0.0074926922467965,0.00259108640436022,0.00610984442674139,0.00327212768971651,0.00829696657046322,0.00193531140064084,0.00343717990050645,0.00159526925354221,0.00335966080906765
"Kluyvera",NA,NA,NA,NA,NA,NA,NA,NA,NA,NA,NA,NA,NA,NA,NA,NA,NA,0.000957973266093206,0.00104667044080856,0.000795524607935668,0.00146825854631711,0.000703217394412491,4.37442448977806e-06,0.00153805420177515,1.18437359019166e-05,0.00159670906243991,1.9676053455902e-06,0.00126412261989413,2.5101315183409e-06,0.00265975897910962,0,0.00119610268772865,NA,NA,NA,NA,NA,NA,NA,NA,NA,NA,0.000478986633046603,0.000523335220404282,0.000397762303967834,0.000734129273158557,0.000351608697206245,2.18721224488903e-06,0.000769027100887574,5.92186795095832e-06,0.000798354531219954,9.83802672795102e-07,0.000632061309947065,1.25506575917045e-06,0.00132987948955481,0,0.000598051343864324
"Oryza sativa Indica Group (long-grained rice)",NA,NA,NA,NA,NA,NA,NA,NA,NA,NA,NA,NA,NA,NA,NA,NA,NA,0,5.97883864796038e-06,0,0,0,0,0,1.18437359019166e-05,2.86148577498192e-06,0,0,0,0,0,0,NA,NA,NA,NA,NA,NA,NA,NA,NA,NA,0,2.98941932398019e-06,0,0,0,0,0,5.92186795095832e-06,1.43074288749096e-06,0,0,0,0,0,0
"uncultured",NA,NA,NA,NA,NA,NA,NA,NA,NA,NA,NA,NA,NA,NA,NA,NA,NA,3.88814710763218e-05,0.000375172125159514,3.72559733743977e-05,0.00114466764400499,0.000340341678179747,7.43652163262271e-05,1.72964572863987e-05,0.000760152504250286,0.000170544552188922,1.37732374191314e-05,5.11226059516008e-05,0.00251264164985924,3.26475977489481e-05,0.000748607439309999,5.41880775656072e-05,NA,NA,NA,NA,NA,NA,NA,NA,NA,NA,1.94407355381609e-05,0.000187586062579757,1.86279866871988e-05,0.000572333822002493,0.000170170839089874,3.71826081631135e-05,8.64822864319937e-06,0.000380076252125143,8.52722760944611e-05,6.88661870956571e-06,2.55613029758004e-05,0.00125632082492962,1.63237988744741e-05,0.000374303719654999,2.70940387828036e-05
